Date,Sales,Website_Traffic,Conversion_Rate,Customer_Churn,Marketing_Spend,Profit
2020-01-01,5496,11581,3.4229846491482245,2.6337107564558586,932,977
2020-01-02,4861,10298,2.8357358134016266,1.516052984677831,721,1442
2020-01-03,5647,10838,3.366410175518612,3.274798901743738,1880,1689
2020-01-04,6523,13177,2.030992814858145,0.6815023346230339,678,1522
2020-01-05,4765,15339,2.7229272224513217,1.9677661435771407,871,836
2020-01-06,4765,12789,2.8569999365852756,2.6085064756601057,1124,940
2020-01-07,6579,9608,2.135099400515177,1.1658125034923263,1180,1405
2020-01-08,5767,12889,3.19621847003126,4.930945149158778,1287,1132
2020-01-09,4530,14393,3.3943229258004957,1.4409381406532642,1542,870
2020-01-10,5542,10780,3.269710235392009,1.0865890851946949,1151,1639
2020-01-11,4536,11731,2.9781339518787453,1.4159069324910338,683,784
2020-01-12,4534,12029,2.054929359449908,3.960775099218759,922,1178
2020-01-13,5241,10430,2.0632320842112635,2.4147754667232926,1092,786
2020-01-14,3086,13296,3.426720640892076,3.044371728886421,1620,738
2020-01-15,3275,11758,1.520568991871384,0.5945412064386233,580,941
2020-01-16,4437,12839,2.932099946484289,0.6549408885799155,1360,857
2020-01-17,3987,10225,2.9124923251105246,2.5062149742215727,1053,709
2020-01-18,5314,11125,2.745379081899595,4.174948594407306,1251,1316
2020-01-19,4091,13444,3.4802176921737313,4.483574954184044,969,1050
2020-01-20,3587,11254,2.1237588715274507,0.890179554180381,747,908
2020-01-21,6465,15453,2.1799437275864966,2.9226339594546027,1225,1279
2020-01-22,4774,11200,1.657878805893111,4.609533588256717,1196,896
2020-01-23,5067,12449,2.385596273087475,2.2458773947904884,1291,1486
2020-01-24,3575,13865,2.022097052469696,4.233046241427659,996,1031
2020-01-25,4455,9163,2.1867734043552884,1.101630444797463,820,973
2020-01-26,5110,8478,3.169143580511255,4.709275203505094,532,1415
2020-01-27,3849,8948,3.3709690270549917,3.881404928890862,1245,838
2020-01-28,5375,14525,1.8714661440103713,4.736004767541058,1127,1148
2020-01-29,4399,10896,2.2450178631069315,3.544777550986279,710,763
2020-01-30,4708,17116,3.357261124230788,2.1353176939974214,838,1007
2020-01-31,4398,10871,1.6236169213784453,4.721815276361251,859,1014
2020-02-01,6852,12369,1.684721056222757,1.740050493391303,555,1050
2020-02-02,4986,15084,1.8255819784124587,1.9947763492777963,754,1080
2020-02-03,3942,16012,2.6904256682537495,3.6536378810078314,659,1053
2020-02-04,5822,16123,1.800944542011995,3.943923347864238,876,1467
2020-02-05,3779,14416,3.436152762901467,4.682315677321192,778,926
2020-02-06,5208,14048,2.393429054517041,1.4216108407529426,511,1491
2020-02-07,3040,13185,2.5030359207003325,4.090991158486508,1606,464
2020-02-08,3671,13556,1.993317231610813,3.8234572402863356,1375,857
2020-02-09,5196,10897,2.4419205048694668,0.7870755031411905,766,1393
2020-02-10,5738,10363,2.823827265274023,2.242504135445931,1081,1326
2020-02-11,5171,11993,3.0023542739080855,1.7724445567704437,1125,1026
2020-02-12,4884,11659,3.007736165419826,1.8702069095931368,1357,832
2020-02-13,4698,11093,2.655782225388177,4.9232609579961535,754,1330
2020-02-14,3521,13392,3.3087195499877144,3.3924983606596757,1327,776
2020-02-15,4280,13910,3.134815694612219,3.7295427100707483,835,1205
2020-02-16,4539,12176,3.014096229397251,4.8947793679175415,599,1079
2020-02-17,6057,14955,1.6112110433609212,2.197408021059374,1217,1521
2020-02-18,5343,9716,1.5137559244392986,4.108280758037627,1387,1446
2020-02-19,3236,11612,1.924894554390946,2.455389334870229,1776,805
2020-02-20,5324,10566,2.8270471878269046,4.412901523167409,640,1116
2020-02-21,4614,8266,2.3223949777650916,1.3129589359008644,1209,1047
2020-02-22,4323,11834,2.3048125185986237,4.764587796789258,877,1169
2020-02-23,2805,21160,8.172934441148069,0.7422363439244792,1235,2081
2020-02-24,6030,15026,3.2911256962636775,1.967992281414192,558,1255
2020-02-25,5931,13261,3.3183505281071715,3.9028650534805123,621,974
2020-02-26,4160,9951,2.1277561530300546,2.2718981370443303,767,1194
2020-02-27,4690,15708,2.8821116254785233,3.2369511954490098,1023,767
2020-02-28,5331,14442,2.0432663625487395,2.5005807548124284,807,1317
2020-02-29,5975,13164,1.8812196661488996,3.8406647169040182,1197,1266
2020-03-01,4520,11547,1.8692649146947384,1.5274906356587488,1308,953
2020-03-02,4814,10081,2.184215241727188,0.7630609425659465,1179,1212
2020-03-03,3893,11255,2.359915239559643,1.849682288628798,1485,623
2020-03-04,3803,14177,3.1618983421101365,2.634388991907936,1124,909
2020-03-05,5812,15769,1.7397821869454242,1.2560902348670535,634,1544
2020-03-06,6356,15086,2.9698516947897886,2.0965878034537493,1409,1743
2020-03-07,7390,19839,6.407274570946527,1.149961791160529,818,259
2020-03-08,6003,9760,2.075890685351985,0.7582632965972309,1273,1708
2020-03-09,5361,12281,2.4856391690656494,3.1248826168289203,1472,1331
2020-03-10,4354,8463,2.099884139554045,4.479545425870794,1137,1229
2020-03-11,5361,12646,2.692163910476612,1.1828431082887358,551,1194
2020-03-12,6538,11704,2.3676878457104884,3.190136060306813,724,1512
2020-03-13,4964,11067,1.8288110581577575,3.4913264220988083,1396,1428
2020-03-14,6564,8810,1.7331661491113934,2.3870060618867974,949,1870
2020-03-15,2380,13027,2.59339136414426,3.654939143139215,1023,516
2020-03-16,5821,10934,3.3048260665722067,2.3482919457095544,1227,1112
2020-03-17,5087,9660,2.187915373115371,2.770867795898457,1208,1063
2020-03-18,4700,6255,2.9660002144452466,0.5330887004949214,1083,978
2020-03-19,5091,11944,2.8173227098795337,3.6127405136060995,937,982
2020-03-20,3012,15544,3.363109828618962,3.47604205525126,906,573
2020-03-21,4780,15322,3.141962034598282,0.6728039479685506,1257,1334
2020-03-22,5357,11085,2.6332105178109257,2.157125483278099,1166,859
2020-03-23,6477,10795,2.8140609964682146,4.905643283562503,922,1629
2020-03-24,4481,12937,3.2967729331680697,2.393314531558776,1324,788
2020-03-25,4191,10003,2.2990375691738696,2.758754323093288,961,845
2020-03-26,4498,12603,2.1535894117155547,4.594685711718734,744,716
2020-03-27,5915,13532,1.5216221672703927,3.727678441395904,772,1126
2020-03-28,5328,14453,3.1531021483829287,3.119315590059006,706,1413
2020-03-29,2235,4719,7.754903502016824,8.180242132069653,918,379
2020-03-30,5513,11592,1.7089090362003028,4.38964819905188,1370,1010
2020-03-31,5097,10244,2.6537147622654005,2.555996322817701,758,1118
2020-04-01,5968,10346,2.427963396333775,2.6379876421932593,1056,1316
2020-04-02,4297,11547,1.737418191018223,2.237229210433261,802,1207
2020-04-03,4672,12734,3.461136454121447,4.850177630083072,921,1235
2020-04-04,4607,13827,1.9293917749267109,3.637248144306577,546,1045
2020-04-05,3536,10393,1.6344683601811223,0.8745037979363253,933,886
2020-04-06,5296,14985,2.689694759003819,4.383318304908583,941,1467
2020-04-07,5261,11457,2.977733354266065,2.6625197337632063,1162,796
2020-04-08,5005,11957,1.564886892094374,0.8093925789011935,1066,1053
2020-04-09,4765,10505,2.8174352774540443,2.9737276482348998,640,1363
2020-04-10,3584,7151,2.5645837519029087,2.377239255390659,1325,935
2020-04-11,4579,13768,1.7065300177500968,4.449872321881812,1063,1059
2020-04-12,4657,13473,1.8450477538927241,1.417975716242243,1059,1068
2020-04-13,4197,11437,2.6359485946321612,4.219090742714823,997,848
2020-04-14,4838,12133,2.0927152270265768,3.009599110334537,844,1103
2020-04-15,5404,13031,3.376631457302632,0.7457463644606107,1065,1341
2020-04-16,6886,8874,3.137480458968102,4.87330385596468,1142,1465
2020-04-17,5174,10941,3.467134413027326,2.8067685984643997,475,1330
2020-04-18,5257,13588,2.0193416779008277,1.808945844042121,838,1467
2020-04-19,4925,9491,3.439447265595954,2.6123307889516614,923,853
2020-04-20,3081,12587,2.3624677395831157,4.3603600258287,1076,670
2020-04-21,4973,9286,2.1950375906275092,1.8720640597327858,1357,1050
2020-04-22,5060,12932,1.6006990539387065,1.3670437841901515,768,1280
2020-04-23,7463,11928,1.6055305157192052,1.0808206111889667,850,1399
2020-04-24,4807,8769,2.8840225118933094,1.8403672927559507,846,1182
2020-04-25,5301,14329,2.415857988868056,4.010216391680196,759,1492
2020-04-26,4965,10530,1.9530432520722114,2.6223186433786774,895,1056
2020-04-27,3831,10379,2.7279406126504653,1.52366721662093,1231,1098
2020-04-28,9213,22321,0.6017148709500667,0.6239162491219357,683,550
2020-04-29,5751,14297,2.6552635086888454,1.997282644296706,1128,954
2020-04-30,5791,9968,2.2184174939653807,4.72965967798569,489,1071
2020-05-01,4090,12123,3.147104453223638,2.0436202066551097,831,1196
2020-05-02,6402,12857,3.1413923215335586,4.946558341795859,901,1880
2020-05-03,5397,5354,0.7364102388734407,5.367074101888205,1502,177
2020-05-04,5586,12352,2.2016382186700314,1.306237632305679,917,850
2020-05-05,7190,11265,2.225119593118189,4.510130413070792,339,1252
2020-05-06,4009,10344,3.1114290513364358,2.571599179106721,400,1200
2020-05-07,4433,12172,2.156358965595224,3.69352104577036,1010,784
2020-05-08,5099,9855,1.918118747413692,4.926702124441183,1184,1149
2020-05-09,4496,6157,1.6693766837506137,0.725789076439883,1112,1246
2020-05-10,3449,12873,2.433386241768817,0.9351255190440522,1050,527
2020-05-11,5068,13807,2.4642641978396838,3.742055336582403,1348,1219
2020-05-12,3937,7274,3.1818174208058143,1.768212514829624,838,754
2020-05-13,5473,9980,1.942477392892128,1.3293562862754458,1268,1528
2020-05-14,4080,13238,2.2619825473367996,0.6771284591887827,510,785
2020-05-15,6549,16114,3.116811477787382,0.5983102039379081,728,1656
2020-05-16,4216,12041,3.1472472214979472,3.985185214039059,457,1058
2020-05-17,4677,10543,2.2692221519575364,1.104950423162975,917,856
2020-05-18,5813,11634,2.418248046573362,2.604742771870179,986,902
2020-05-19,3769,14749,2.106571781698566,3.2265356683076734,1034,796
2020-05-20,5227,10708,3.365109756838624,2.427583102559808,1018,1010
2020-05-21,6307,10401,1.7372875314831606,0.621979935513049,721,1711
2020-05-22,3392,11034,3.36749884600294,4.02575676164559,942,916
2020-05-23,5184,10093,2.8677329036706865,0.5473095104374407,550,1132
2020-05-24,5259,12245,2.5631443053734624,3.928504524698678,1408,1267
2020-05-25,5781,15249,1.5653181215689917,4.519870222046552,908,1391
2020-05-26,3763,12646,2.451192383644017,2.4477796447572753,853,1031
2020-05-27,3679,11495,2.3154962100054646,2.9099411289400923,1476,786
2020-05-28,5521,11416,1.8224376239502451,2.646425266779442,627,1056
2020-05-29,5296,8873,2.812819207001314,2.2514387838054746,662,1004
2020-05-30,7875,5506,8.60575453684143,2.2467052045833107,671,362
2020-05-31,5346,11844,2.6243776221290505,4.522700798014958,979,1162
2020-06-01,4319,11639,2.929506552887892,2.011173640886905,1129,932
2020-06-02,5232,18386,1.6369009051320336,3.267813893066141,1221,856
2020-06-03,5293,12597,2.3353339916339895,4.671084029656389,1771,1364
2020-06-04,4285,10496,1.7327169703289917,4.829263245236082,325,780
2020-06-05,6865,11147,2.725591671073021,2.790315681899214,1182,1232
2020-06-06,5473,14296,3.3769643164283094,2.5377116237794706,832,1159
2020-06-07,5712,22006,7.058888662358193,0.877062210839183,824,1262
2020-06-08,5656,9123,1.653606096628843,4.8149234293568455,814,1343
2020-06-09,4025,13838,2.2093324099701657,1.1426643701279031,727,828
2020-06-10,5787,10663,2.601326758881703,3.1092330922147626,1505,1257
2020-06-11,6158,15746,2.306415512266504,1.771476203833875,1252,1419
2020-06-12,4179,14160,3.1672880209503447,1.7555373065650848,1006,754
2020-06-13,5963,11105,3.1293420094199784,2.3223586431928482,1405,1033
2020-06-14,5412,14562,2.7236620402064426,4.994568211170446,546,1526
2020-06-15,5822,12135,2.2469158902654103,0.7473483807791993,600,1252
2020-06-16,6896,13705,2.0106727475264883,3.1034381819158914,346,1460
2020-06-17,4754,12969,1.7117486364262586,0.8715747111587473,790,738
2020-06-18,4246,10307,2.209795366973108,1.1953437349573353,1048,954
2020-06-19,6165,4284,0.6979035103246317,4.956066475956088,1030,287
2020-06-20,4184,14059,2.851645850208147,2.797070591058986,1044,978
2020-06-21,4922,11330,2.816319648595147,1.664565837640358,576,1260
2020-06-22,5341,11192,1.640216279282514,1.9240570889348727,1240,943
2020-06-23,5276,10089,2.2905186308623158,0.8913515911516987,1071,991
2020-06-24,5827,12847,1.8635577344347238,1.8644890272991272,1219,1582
2020-06-25,5013,16125,1.8136254106336114,4.849512977212449,432,1464
2020-06-26,6453,9864,3.154604299474492,4.751183217526168,1093,1099
2020-06-27,4735,12048,1.583830433432515,2.0069523056164327,643,1063
2020-06-28,7720,14824,2.3383657518042424,3.068842713254427,880,1406
2020-06-29,5625,11840,1.8364073115330364,4.59317925999925,1160,894
2020-06-30,4142,12904,3.2586604313569483,0.5278272018840351,1027,823
2020-07-01,3929,9875,2.6140810265500702,4.148076066519163,744,674
2020-07-02,5482,12856,1.962761272753696,4.7676629875501355,1001,1406
2020-07-03,4776,11625,2.504854574332753,0.9109658045010067,540,1098
2020-07-04,5714,13971,2.9629727194062316,1.2265145871481447,1345,980
2020-07-05,2736,25873,8.54059004459717,2.4116791812355496,938,248
2020-07-06,2463,6871,4.852230021227094,5.837861292763117,1335,400
2020-07-07,4153,13159,3.27236354425869,0.5638848551227567,842,732
2020-07-08,3485,12651,3.3686082283349803,1.6593439944358812,842,839
2020-07-09,4553,12388,3.3328410890641322,2.5247465342098683,770,913
2020-07-10,5856,11293,2.7708287137238194,3.6180900996114547,1262,1392
2020-07-11,5214,12676,2.7596413088694156,3.7992217016155982,787,1028
2020-07-12,3754,11409,2.3064212663676456,4.9793968081645525,1193,612
2020-07-13,5173,12336,3.004795764607576,1.7938003972269156,885,948
2020-07-14,5385,14635,2.5625880367018636,2.9219904584081386,407,959
2020-07-15,4116,9986,2.8548761424565887,2.8999559653682225,828,881
2020-07-16,5153,14279,2.356915807697591,2.325403667512569,646,1281
2020-07-17,5058,14634,2.962992928086278,1.261228522290891,1010,958
2020-07-18,3857,11763,3.148943035209098,4.898554534327292,642,585
2020-07-19,5357,7756,1.7928725132056322,4.339927339999638,1277,1220
2020-07-20,5560,10784,3.165859431148456,2.7424986273240672,972,1339
2020-07-21,6083,14593,2.5805930635806145,3.214604402078134,946,1791
2020-07-22,6053,11954,3.189331818180449,1.5226747410184804,1196,1443
2020-07-23,3622,10001,2.362603412682029,2.947041816762861,1289,799
2020-07-24,4062,10990,2.25808097076607,3.6273655990466414,993,958
2020-07-25,2757,5472,0.9990364395103334,5.636503255479299,768,478
2020-07-26,5513,13093,2.0023385350968024,4.9562832676322355,467,1511
2020-07-27,5515,11522,3.188424650572286,3.2510374531147677,794,1094
2020-07-28,8852,11266,2.468041145018808,2.169381706664761,814,1642
2020-07-29,5570,11216,2.5281908851025197,3.9746841242712714,1032,1054
2020-07-30,6135,10155,2.1169365629789683,1.2670813021173892,896,1384
2020-07-31,5954,15230,2.6460844012380313,2.2303211616781993,1206,1557
2020-08-01,5651,11355,2.1504223925524224,2.061315276699136,816,1274
2020-08-02,2342,25981,0.4735616485449914,1.2215659639924987,982,1350
2020-08-03,5758,15042,2.043997210688712,4.0180092166792685,1355,1488
2020-08-04,4227,13996,1.5127580868131814,2.6787786447353334,1102,1145
2020-08-05,2381,20044,8.641773935284283,8.146130052393664,981,1658
2020-08-06,4514,12807,3.431494419639495,3.0942000641293967,819,1126
2020-08-07,5081,11951,2.29031059494461,2.0393124559589992,810,1087
2020-08-08,7314,10192,2.956741708679292,4.144904346575626,744,2072
2020-08-09,3132,12648,2.19161219682085,1.5723035174889122,837,866
2020-08-10,5686,9641,2.8421863141719523,1.5097234090990796,1226,1301
2020-08-11,3387,14375,3.110860086091958,2.770263158246761,933,859
2020-08-12,4528,11070,3.3935124893844817,1.6738216068294,595,1279
2020-08-13,6088,12402,2.300424551699344,0.5408916572804734,1530,1365
2020-08-14,5064,12566,3.0665959659120956,3.417338872844607,1095,997
2020-08-15,3922,11482,2.031856901264238,2.7999221966257912,577,1031
2020-08-16,4284,13173,3.480664607587297,2.5048301652192255,867,784
2020-08-17,5679,11050,1.5515391975287023,4.851358315782419,1033,1182
2020-08-18,4269,13742,2.7070576130022417,3.0703963278331114,1511,1194
2020-08-19,5216,9308,2.8190119633026542,4.38544210005223,667,1349
2020-08-20,5045,12252,2.8760911141482577,1.1275260629232209,1292,1062
2020-08-21,4348,15877,1.740775157578178,3.0614290840824245,1419,792
2020-08-22,3571,17998,1.013117870083878,8.811816640578126,811,2615
2020-08-23,5633,10644,1.8623665581001656,3.123975907759541,916,1085
2020-08-24,2974,13027,2.745506806479682,3.7310638015715067,689,524
2020-08-25,5186,12359,1.94535215824617,2.1741960551549333,938,1356
2020-08-26,4338,12701,2.1144328340425416,0.9160228266667998,989,814
2020-08-27,5852,12978,2.592917083456249,2.5605513280718215,1197,1276
2020-08-28,4207,13269,2.334386837129153,2.275157258774859,1327,874
2020-08-29,4885,14219,1.8204512019530126,4.401770820705263,775,1452
2020-08-30,5504,12819,1.8418728048416966,1.5979788605861251,409,1148
2020-08-31,5865,11517,2.3362895763255995,4.850304023907986,993,950
2020-09-01,3799,13345,3.0145659565510012,4.811621539120233,1088,621
2020-09-02,4665,15799,3.2959292936955773,1.6143423938214743,1074,1113
2020-09-03,4525,11734,1.6682553245187657,2.066233799647942,901,1085
2020-09-04,4346,10050,2.286207815118802,4.530000833932482,1037,924
2020-09-05,6765,14214,1.7004911274457533,4.849799994032484,1454,1452
2020-09-06,5404,11759,1.5331849612651958,2.4954759627621983,1114,854
2020-09-07,3739,7654,2.823437365287913,1.9444867053840402,887,850
2020-09-08,5917,13694,2.7048988839331756,2.867423059631939,849,1335
2020-09-09,7122,10929,1.8260382276297724,3.5949614286458065,949,1228
2020-09-10,6032,11818,1.9676256661861282,1.730635319187409,1491,998
2020-09-11,3480,12663,1.5474155072890368,3.8141292857858278,945,586
2020-09-12,4515,12380,3.1698944113888077,0.7324581070158847,994,745
2020-09-13,6266,13418,3.449381192097103,0.721825217439874,855,1512
2020-09-14,4292,11129,1.7709190735893816,2.2382946731549533,1329,770
2020-09-15,5443,13026,1.9629504275305962,2.0906293642732425,1587,1021
2020-09-16,5774,11480,3.236819047893868,1.9203494691521852,1135,1016
2020-09-17,4073,13477,3.3529275959123694,2.709588932010095,1024,1196
2020-09-18,4940,13230,2.339254765613621,1.9433011204020705,1011,1374
2020-09-19,1758,10129,1.6012449445381483,1.3651606331064137,284,324
2020-09-20,3975,14171,1.5787836673856388,1.892612970898704,1223,791
2020-09-21,4747,10928,2.647899732138021,4.887069227646057,1040,861
2020-09-22,3752,13616,2.2857902177863583,2.3500103764768188,1128,839
2020-09-23,6632,12734,1.557304855155309,2.501207495862511,786,1014
2020-09-24,3569,15676,2.6665047846251135,3.09445245478013,884,894
2020-09-25,4559,11553,1.522605073178045,4.92503345786402,876,1041
2020-09-26,5130,11301,3.074743916298546,1.5872057439609335,1306,1461
2020-09-27,6441,11961,2.1128656454067434,3.5657694973959524,886,1124
2020-09-28,3564,11393,1.5805160060184642,3.7219311209377586,1624,964
2020-09-29,6163,13599,2.6767044419663066,3.2329598755687967,1129,1656
2020-09-30,5010,8767,2.2953688288661094,0.8986025283648984,617,847
2020-10-01,4018,9892,3.4476008267142992,3.545925241224094,961,842
2020-10-02,5462,9864,2.5883973250074046,0.7884261996627897,804,958
2020-10-03,5199,13900,2.0504783620740166,3.182641922974536,341,978
2020-10-04,4399,15421,2.9188777292679493,3.828115297497842,1479,833
2020-10-05,5069,11791,2.0429840050854224,1.449364507789777,1210,1183
2020-10-06,4614,11662,3.30848658281513,4.2872990339424835,1159,976
2020-10-07,5113,12140,2.2494439410147526,0.6365921248985191,1049,1493
2020-10-08,5662,14323,2.5997371255524104,4.297157886462378,585,956
2020-10-09,6586,10145,1.6011462076484577,2.571480727892443,854,1949
2020-10-10,3762,12476,2.3522424759044616,1.4791457296924002,1252,694
2020-10-11,7133,13950,3.16472707932199,1.102001652472856,684,1896
2020-10-12,3047,13002,3.111297610726684,4.789882254120677,240,611
2020-10-13,4848,12379,1.9486371177070525,0.8269951441152052,931,831
2020-10-14,5588,14002,1.9521581420211254,1.3959203897116654,957,1557
2020-10-15,5280,6593,3.1346106244264735,2.0652005634487067,1040,1036
2020-10-16,4377,13355,3.360796840338651,3.291056820325042,1218,1089
2020-10-17,4791,10691,1.690721842546007,2.951604883742443,1191,1125
2020-10-18,4506,8338,2.4001172788524503,1.0653957158554128,1077,994
2020-10-19,4410,13022,2.174908557928458,1.8037759268219657,1358,989
2020-10-20,5849,14747,3.2413769109148785,1.5743829698871084,544,1519
2020-10-21,5357,11725,1.6670498293600375,1.4609428452065363,1151,874
2020-10-22,4307,13905,1.9222518851160748,2.3501495141599418,1187,1077
2020-10-23,5899,15224,3.0049366751729885,3.668141536662456,628,1677
2020-10-24,5307,14629,1.6025876979624312,1.4785381949775618,549,842
2020-10-25,5812,15279,2.4850707614285783,2.150054958663416,776,994
2020-10-26,5629,13484,2.38421406935944,2.2591284207852302,801,1449
2020-10-27,4171,12150,2.1688023579774973,4.894054382459346,1226,899
2020-10-28,4439,8796,2.2891446306378476,4.79599860595581,815,934
2020-10-29,5747,11507,2.559881173860466,4.100619122384342,743,980
2020-10-30,5610,10313,1.8227347167767662,1.5874651436863332,816,1267
2020-10-31,4979,16341,2.6439917565671855,0.8061679134125136,1335,841
2020-11-01,5117,11648,3.1108646585999726,1.9260686197428114,1003,1133
2020-11-02,6277,12246,3.020321859580318,1.7005754724522388,946,1660
2020-11-03,4408,13102,1.8077998093875474,2.7766661006587725,966,831
2020-11-04,5547,12087,1.7984989394829478,3.999775595305069,1387,1232
2020-11-05,4797,15390,2.0363487354898266,4.362453224954861,775,1433
2020-11-06,4782,10754,2.2221494526820744,4.301888384347288,1394,1209
2020-11-07,6098,12389,2.3169111628169654,2.1185400255038047,1063,1684
2020-11-08,5825,10515,2.8593944336666905,3.592554545573073,951,1236
2020-11-09,5813,9359,1.6133608643316708,1.9077538888589902,1750,1541
2020-11-10,6305,10776,1.5693454084521328,0.7740749445583222,683,984
2020-11-11,5021,11925,2.283821125887818,3.6570436952132406,893,845
2020-11-12,5681,11141,2.894327384275961,0.5442239865640452,630,1025
2020-11-13,4689,10615,1.8868706859129651,2.3413216435631985,1285,986
2020-11-14,5324,9187,2.783008962512503,1.9822067118593407,1506,1474
2020-11-15,4869,11833,2.0196562758805987,3.620198923334836,1500,983
2020-11-16,5096,8990,3.2721722176270327,3.948104627421705,1367,1264
2020-11-17,5595,13520,3.291379888533233,1.8684258618707772,940,1434
2020-11-18,4181,12164,2.0945744085626528,4.152321565001841,890,994
2020-11-19,7092,9084,1.959987507926481,1.822625422272202,498,1443
2020-11-20,3993,11381,2.3226079441324625,2.5084686199395256,1610,944
2020-11-21,3785,10495,1.9810631703602974,3.7715833715636027,1140,762
2020-11-22,6158,12638,2.844767686583407,3.6181410315115485,852,1001
2020-11-23,5791,14680,3.152129369096571,4.9431581254049,1398,1731
2020-11-24,5624,8249,2.846184261822434,1.5132246089716934,708,950
2020-11-25,5628,12230,3.148700894498699,3.4804306109281207,1121,905
2020-11-26,2493,21022,0.6881952973244845,1.6217842936204991,948,421
2020-11-27,4102,13342,1.8126339414177217,4.617943045205134,1191,801
2020-11-28,5075,12426,2.975901894795184,1.2036296374019377,980,1256
2020-11-29,4322,10496,2.2209490102831078,3.8830917361411985,564,861
2020-11-30,2987,4544,7.106354126145662,1.5286043866047287,1022,374
2020-12-01,4852,10407,2.0412878839635313,1.7359964140455744,1314,918
2020-12-02,4174,14152,1.6624592696133453,2.6349571136622836,991,840
2020-12-03,4678,12042,3.4851635909755267,2.00199468681409,1232,989
2020-12-04,5412,15802,1.8124030158611986,3.106910312548074,686,1396
2020-12-05,4436,11878,3.476841987926962,4.500502748665997,992,1005
2020-12-06,4177,10583,3.454559865132895,3.061872429854909,812,1217
2020-12-07,5243,8972,3.0876362078160793,3.342750882469628,1224,819
2020-12-08,5244,8393,2.818845924163995,2.8343653120161925,1009,1182
2020-12-09,4493,8831,2.655614100502169,0.7302447790046416,1207,1067
2020-12-10,4528,12534,3.2322030907556694,1.5478635059424242,1326,1304
2020-12-11,5232,13017,2.0788790432389757,2.7140077824443725,1207,823
2020-12-12,3551,8837,2.435362424969754,1.8960587768511714,1081,838
2020-12-13,3592,13790,2.738779938733004,1.317936189925374,700,998
2020-12-14,4281,11033,2.322380951738982,2.7685977886329725,999,797
2020-12-15,4786,12293,2.354972908180536,1.9526440705153265,840,1346
2020-12-16,5310,15224,2.160569335004169,1.6614843942803663,896,811
2020-12-17,6475,13793,2.628463633369072,2.5879343784817137,887,1682
2020-12-18,5857,11462,3.201149056030232,1.0997791613697792,706,1698
2020-12-19,4840,10217,1.9030567560126257,4.674855798839333,412,1203
2020-12-20,4980,7696,3.368866077506883,4.404659440636576,799,1074
2020-12-21,3997,10561,2.878175307496459,3.684292635832409,1058,626
2020-12-22,4981,11577,3.1465464253600604,0.977962224148053,595,1434
2020-12-23,4711,10025,2.612381385260023,3.9914476451136185,1004,1038
2020-12-24,5322,11737,3.0590334028481267,4.135807976490585,1570,821
2020-12-25,4172,12153,1.5324007946789344,3.9549407797145197,1306,1057
2020-12-26,5519,11550,3.1367608495590704,1.0128464920365852,1493,1226
2020-12-27,6532,10699,1.580277718170733,3.3975858068049414,1117,1101
2020-12-28,4891,12337,3.279826752725725,4.254461580872293,1350,890
2020-12-29,5401,12883,3.483925494477287,3.0980903054885047,782,862
2020-12-30,5690,9819,2.0881349243535556,3.4088331885264003,806,1343
2020-12-31,4598,14821,1.9206371125715873,2.5626356574183777,178,1118
2021-01-01,5224,11802,3.0307267277160816,2.8791829394782367,1355,1179
2021-01-02,5012,12037,2.0060526818405062,0.6546958625827635,1462,1366
2021-01-03,5097,13416,3.231124766344407,3.375333598879781,834,1422
2021-01-04,4226,12466,1.7056851843149534,0.8665124580102164,923,1024
2021-01-05,2512,25030,4.379775981896791,1.2287828372655025,773,228
2021-01-06,5497,12574,3.458303110201231,1.8169479395033352,1114,1397
2021-01-07,6451,10775,2.847677796540009,2.954425775952709,1337,1372
2021-01-08,5959,12723,3.193774448857906,1.1003735098544318,477,1399
2021-01-09,7153,9712,2.1486587547030362,3.6123953088799317,1122,1769
2021-01-10,4232,12217,2.852967499041209,4.077551916178117,916,857
2021-01-11,5872,11933,2.6884836546171944,1.2350950238442042,1034,1688
2021-01-12,5183,11583,2.706300240245894,0.9694088930834697,1137,881
2021-01-13,7189,11742,2.865064919075443,1.1548196725431161,943,1802
2021-01-14,4191,8236,2.650718346258197,4.447074028543257,968,631
2021-01-15,4160,10902,2.3581247386053317,2.876851677903603,935,1200
2021-01-16,2200,21933,0.6155536166283281,5.2053489640675235,1291,1321
2021-01-17,2876,12319,3.037162661826404,0.9802031859605942,1125,472
2021-01-18,4474,9944,1.9525448600063724,3.423002030406328,1066,894
2021-01-19,4240,14531,2.8847086123088284,4.405998163527904,618,873
2021-01-20,5150,10267,1.9666656452986533,4.226836411955539,886,938
2021-01-21,5341,13938,2.750660339908908,3.3172461904136057,1269,1269
2021-01-22,6876,12854,2.9941565342580576,0.8387542249325313,1011,1488
2021-01-23,5950,10707,1.9374277778130784,1.0057866222920584,1197,923
2021-01-24,4423,15550,1.6198866017226166,0.721890441994211,1529,875
2021-01-25,4101,9612,1.7619474859883482,1.6586564742161118,1311,1113
2021-01-26,5491,13838,2.711993934542051,1.1104766022216999,1027,1391
2021-01-27,3679,14001,3.1988928124514713,1.6702161811359524,846,951
2021-01-28,6831,10658,1.5899936424708487,2.2327612507353276,233,1739
2021-01-29,6179,14784,2.9683025180832923,4.74342252832011,949,1215
2021-01-30,4530,11499,2.1826372919001042,3.2466922690176143,902,747
2021-01-31,3286,12577,2.457056739839045,4.257382035573331,1117,627
2021-02-01,6353,12520,3.3577190996911312,3.696581753205495,953,1745
2021-02-02,4885,11731,2.1639430094716907,1.0062640873698427,903,1451
2021-02-03,6237,13621,2.430673867878972,3.81164182868277,466,1397
2021-02-04,3405,13586,1.5273648295213622,1.7379449670160598,718,515
2021-02-05,4400,8502,1.6631974400096767,3.3759853114761786,1142,752
2021-02-06,5005,14608,2.017183182269568,2.0343288813934484,1514,992
2021-02-07,5046,8675,1.5557044816421488,4.989525184690966,970,1194
2021-02-08,4549,14065,2.7627506520965017,1.6859816577355002,1098,733
2021-02-09,5622,14253,2.352796713603245,1.7560871184842135,1285,1638
2021-02-10,3932,9818,2.596290405456044,4.688025150030793,756,805
2021-02-11,4857,11178,1.849294371792659,0.610899820863452,1110,1393
2021-02-12,5120,9788,2.0918640588732322,3.635100445429386,777,1367
2021-02-13,5514,11570,2.82764894970545,3.7639687583114516,1259,1451
2021-02-14,5711,11383,3.4306054472608,4.2637035983467975,1045,1376
2021-02-15,3875,13559,1.6008335472044184,4.884976897873139,1089,945
2021-02-16,3465,14620,3.280768641710532,4.890208636204936,765,851
2021-02-17,6277,14791,2.6537624026224167,0.7937454090490875,1212,1533
2021-02-18,5332,10875,2.627839133511247,4.198276952388062,1625,1242
2021-02-19,6376,20845,6.251392676038802,1.704197350729108,697,2279
2021-02-20,6551,8633,1.6387881718083668,3.4130396046789104,898,1702
2021-02-21,5115,10388,1.6797537034723213,1.0775746697661266,1069,1363
2021-02-22,6179,13929,2.7018240113181724,3.42584224900544,1235,1735
2021-02-23,5067,15231,2.1819171428711166,4.921171612705615,832,923
2021-02-24,7060,9531,3.3345361331553613,4.603183562927511,150,1147
2021-02-25,6755,10815,2.3131810747189445,2.4760879736218273,1407,1502
2021-02-26,4751,11947,1.7865629174052822,0.6797658797874245,1228,1079
2021-02-27,5971,12560,2.929437667004072,2.130320705000922,477,1638
2021-02-28,5645,10380,2.0867068428820197,4.218756402202499,817,1222
2021-03-01,6368,12848,2.550940614711786,3.656745956593247,1470,1500
2021-03-02,4035,11052,2.89566557101034,2.567046450172804,1434,924
2021-03-03,5686,11971,3.300528222404141,0.7479569082147399,1281,885
2021-03-04,6058,13092,3.084382389603352,2.421026275204862,947,1467
2021-03-05,3241,12012,2.852722135745448,2.6106122287304756,1024,888
2021-03-06,3816,11127,2.859266364790287,4.678499898023611,960,662
2021-03-07,2960,11780,3.391849288064173,3.3848874661197175,1338,707
2021-03-08,4730,11823,2.091648194993072,1.90243812494592,737,1130
2021-03-09,8575,4503,0.45066725651771244,1.431966095014123,758,299
2021-03-10,6502,11482,2.0439091187963974,0.7972488851997204,1303,1095
2021-03-11,5074,15197,1.935782759253488,4.876557060423815,986,1507
2021-03-12,6628,13121,2.8236691702279964,2.120269558688267,1413,1385
2021-03-13,3619,11409,2.7674231995310583,2.6504030971091113,798,666
2021-03-14,3296,13393,2.686922765409448,2.0987778840661515,983,579
2021-03-15,4944,11332,1.5324868864189074,3.5713027855229007,723,1236
2021-03-16,5384,14346,2.957556108901295,3.480044712483169,1002,1299
2021-03-17,4967,12739,2.147060824970983,3.71895039738111,556,1224
2021-03-18,2932,11785,2.830111978013262,1.7066445332536437,853,478
2021-03-19,4910,12895,2.6131568570043067,1.920508165238297,569,1394
2021-03-20,3695,8858,2.1854618508558143,1.0636305399329358,1208,770
2021-03-21,5669,9746,1.7691525342082155,3.4497948733075066,1214,1116
2021-03-22,5366,9612,1.688837795320962,0.6790870730104365,480,1177
2021-03-23,2030,22113,0.9489109998673341,1.5947852549277828,1400,1523
2021-03-24,4486,15465,3.336795084163116,4.413631481832352,1749,1254
2021-03-25,3940,16462,2.799576093528599,4.50874466730335,1013,1140
2021-03-26,4937,13276,1.7068682297209667,2.5206699216648274,807,965
2021-03-27,5955,13001,2.3040544337764812,2.566866596958832,1847,1664
2021-03-28,4014,8397,2.9578784002103147,0.8463613235360781,604,1072
2021-03-29,5504,10914,3.0596417680201364,3.5184426144936607,1006,1594
2021-03-30,4469,10424,1.7364372445821772,4.195667391677805,1053,835
2021-03-31,4207,10758,1.5000614376907648,1.6009477457212087,1403,995
2021-04-01,7338,4665,7.310685229403024,1.1979269836750706,1107,280
2021-04-02,3964,11055,2.2131923519724115,4.274777015443717,850,1084
2021-04-03,4446,8041,2.0089626632365203,4.447042104480296,714,670
2021-04-04,3802,13495,1.5257949395790509,1.5943099111890167,897,892
2021-04-05,6964,9854,2.5805988135229994,2.977567855436139,697,1398
2021-04-06,5035,12478,3.2023014708519635,1.3662191778612218,1014,998
2021-04-07,4300,16148,3.415263292545176,0.9584544386280045,830,1060
2021-04-08,5213,10161,2.6314899012265784,4.600042256263809,551,1447
2021-04-09,4887,6939,2.5289226554797883,4.192283769044491,1376,1179
2021-04-10,4779,11427,1.6701127709784822,3.9201570581142824,850,1328
2021-04-11,5614,14201,2.5977456030851993,0.7194484346591319,619,1064
2021-04-12,5757,15916,2.2599581579307895,4.296779567196158,949,1312
2021-04-13,4469,9540,2.7142705617671536,2.471198341574227,1020,972
2021-04-14,4424,12993,2.2774526957530936,2.0407780548313683,476,671
2021-04-15,4724,11069,1.9805982469007335,2.9591436246141942,1099,1103
2021-04-16,2698,11788,1.689930550456753,0.9110895922560012,685,672
2021-04-17,3484,17288,2.1298368891777915,3.904909472085795,1513,831
2021-04-18,6366,8994,1.6932896685755046,3.1209578459973315,1157,1657
2021-04-19,6644,12507,1.8537939016479679,1.3396554359292538,880,1565
2021-04-20,4750,12935,3.474672317159092,1.3470448989607051,776,760
2021-04-21,5576,14171,2.3882071138132375,1.329118932077034,968,933
2021-04-22,5311,12195,2.563743533010033,0.7565107439837029,1183,1271
2021-04-23,8078,12616,3.2472370574744307,3.1450930221725817,992,1544
2021-04-24,6119,11216,3.4911378009813756,4.281566799148287,934,990
2021-04-25,4872,12538,2.6654288986893633,0.5787419629432486,1017,1044
2021-04-26,4044,11313,3.124947642088343,0.720520902370731,818,942
2021-04-27,3393,13243,2.1538820486733505,3.077466245091256,897,676
2021-04-28,5203,11260,2.111487914894582,4.187730584237236,374,1342
2021-04-29,4243,12754,2.3054074419891206,1.9703250075588512,1292,1046
2021-04-30,3577,11941,2.845014525347298,2.0732647946347496,1089,715
2021-05-01,4353,14252,2.8643833785101975,3.1835592387354916,767,1145
2021-05-02,3918,11897,2.1304788692989014,1.7339580010586615,1569,968
2021-05-03,6687,8453,1.7664198482732574,0.6197376473495786,1026,1642
2021-05-04,5881,14523,2.764792512931017,3.8085283314571825,689,1370
2021-05-05,4992,10188,1.756651724377529,3.315424608236539,1257,757
2021-05-06,6479,10692,2.65698501645866,3.113401995750466,1119,1648
2021-05-07,5077,10808,2.886844256112618,3.837578580463204,1118,1047
2021-05-08,4138,14748,2.9012229927889033,3.5385387690291688,872,1205
2021-05-09,6523,7728,3.0069442213191935,1.4264689468024452,1135,1778
2021-05-10,5538,18275,3.2457188431313293,2.0861647112450803,921,1318
2021-05-11,3962,14112,2.499917983929577,1.0674956375538125,1166,744
2021-05-12,4809,12446,2.9604983790591426,1.0843565603804646,428,868
2021-05-13,4124,11890,2.7383454707316734,3.5428808586044265,869,829
2021-05-14,3617,12571,1.8732798795953651,4.363700481421242,1516,801
2021-05-15,5926,13042,1.5513792897388163,4.8322966273751256,769,1152
2021-05-16,6909,13290,2.0690827713538678,3.3275620289725,818,1569
2021-05-17,3601,13111,2.3860674126752386,1.3284559551243063,865,629
2021-05-18,5562,12179,2.7342118888573124,0.9754265545201881,635,1650
2021-05-19,6523,20889,7.999796652516027,8.31565874383082,337,1300
2021-05-20,4512,11697,1.8924914334123313,3.1044041436199965,930,1307
2021-05-21,4407,11610,1.7510995797969542,3.2822825945617393,1040,1264
2021-05-22,4136,14267,3.426959894948655,4.016579399396192,984,946
2021-05-23,5048,13187,1.7160891187528142,3.664747524796032,956,1306
2021-05-24,4169,6119,2.4569821402143783,4.255062137852435,1012,898
2021-05-25,5270,13311,2.6711274575866035,0.7529625745694531,1306,1288
2021-05-26,4949,12389,2.5827488418148765,3.863842865359272,942,995
2021-05-27,4761,11962,1.6720643140658864,4.328837407949429,827,929
2021-05-28,4092,11222,1.6140538280072387,1.7876076910624146,915,968
2021-05-29,4423,14248,1.7109668549220713,3.382012732969638,1173,993
2021-05-30,5755,13895,2.6711753677452252,1.9137292872663745,1423,1363
2021-05-31,5500,10454,2.588689775268642,4.810869799171043,811,1061
2021-06-01,4022,12814,1.9674815840734885,0.650406075959767,1029,824
2021-06-02,5099,10056,2.775548283691183,3.1090677972482976,1101,829
2021-06-03,5751,9240,3.1401350041112988,1.249265961722818,702,907
2021-06-04,3330,10746,1.5831579196931875,3.7049909232972142,1006,626
2021-06-05,5543,13724,2.496259887096085,1.2915062753839794,560,893
2021-06-06,4337,13906,2.8786208242053806,1.5592246785426092,469,718
2021-06-07,5570,13026,2.004623854139374,2.7246686497059116,1110,1514
2021-06-08,4236,13450,2.115541810586298,4.616757274985951,884,660
2021-06-09,3195,13032,2.727275805978768,1.4527146746658688,1060,795
2021-06-10,1686,19290,8.239676467218684,0.574540047515733,994,193
2021-06-11,5048,12863,3.1198488406057985,3.915395743343138,707,1417
2021-06-12,5259,13600,2.666260438199167,2.7527878955026894,986,1171
2021-06-13,4095,13508,2.9604434355144984,4.603033005717971,630,801
2021-06-14,5638,14377,2.2296449404155974,1.1597655072192903,1417,1283
2021-06-15,3338,13416,2.7819310561975152,3.406675518603677,593,691
2021-06-16,4933,12702,2.4323631822551137,1.5479561576831677,941,1157
2021-06-17,3788,14140,1.8798722729151218,1.2054219289323769,687,633
2021-06-18,4348,11946,2.903476547754514,3.5754323682077174,1171,1302
2021-06-19,5047,10236,2.612929274697644,3.1715807895892993,900,1079
2021-06-20,4139,11673,2.217243163907183,3.8967235626304904,844,837
2021-06-21,4615,10510,3.3226783801572615,1.8925815940078206,1255,1183
2021-06-22,6006,10649,1.5418682356534665,2.515872453719855,1008,1228
2021-06-23,4423,11710,2.1315463024989922,2.3246225434868832,1154,1216
2021-06-24,5835,10415,1.6137627955552931,4.928402587849314,705,1272
2021-06-25,3870,11384,3.033054632443254,1.8151203053272456,578,998
2021-06-26,5529,8212,2.904214908227585,1.826677572560451,1032,918
2021-06-27,6441,12426,2.162704437472634,2.095466939728733,904,1783
2021-06-28,1264,4800,0.8553977413242438,1.5203366829032234,1187,197
2021-06-29,4203,10365,2.2918744523919,1.6354523491868536,976,763
2021-06-30,5577,13318,3.0125075828448686,4.6188047317067324,1061,958
2021-07-01,4796,13875,2.408367325473412,1.6955850418981857,512,946
2021-07-02,2685,3513,0.6973678366989993,9.062341584041752,1566,477
2021-07-03,4396,10474,3.369459830976602,0.9656377864096309,950,828
2021-07-04,2543,4184,0.6005274599344201,1.7272660803992177,1209,1999
2021-07-05,4844,10120,1.7408946799931309,4.581434832972096,749,748
2021-07-06,6167,13658,2.6690862265189166,1.259372472792033,1092,1292
2021-07-07,5254,11612,3.438643624568358,4.857471320446647,609,1238
2021-07-08,5337,11470,2.2556784274543733,2.5379751218698026,1135,1563
2021-07-09,4588,7992,1.624073527257563,4.75571798798461,893,1043
2021-07-10,4512,13270,2.1786105346191347,3.5456901963352117,1008,1231
2021-07-11,4567,9521,2.511863308639117,1.8571409144309818,1209,1059
2021-07-12,5394,12119,1.8238460132644274,1.3473613621269789,630,842
2021-07-13,4579,12554,2.816204436112984,1.8668077080129473,794,903
2021-07-14,5289,14721,3.4954987780204014,0.9185783416820374,1137,1249
2021-07-15,7075,9382,2.403478951962888,1.147405848544984,1629,2070
2021-07-16,2935,2384,0.6628371340381276,0.48548599077958254,958,491
2021-07-17,4673,12367,2.3014083336689333,2.4032459468370098,1177,861
2021-07-18,6201,15601,1.7302923567904023,4.080102693159139,967,1134
2021-07-19,4591,14477,3.266547202852448,1.1362259939735309,1582,827
2021-07-20,2961,12419,2.3296513110427037,1.0864419492755115,475,853
2021-07-21,3991,11016,2.274548822849683,3.3954302728279884,1028,1109
2021-07-22,3129,13614,2.8193805458609487,1.3873234188562982,512,833
2021-07-23,4648,10052,2.3840668418622473,0.9392451714904622,248,971
2021-07-24,7527,5180,6.991167344039231,0.6254093009625497,1089,339
2021-07-25,6676,13010,1.622892580261575,4.656791281445493,1041,1466
2021-07-26,5326,14120,3.127446687444455,4.196620637492859,914,1001
2021-07-27,4780,17519,3.381007905758805,2.0932905305979235,968,1079
2021-07-28,5829,12784,2.7975307723187717,3.4511934529732677,1929,901
2021-07-29,2788,10982,3.4091318577176217,2.9177405315061713,922,473
2021-07-30,5235,11948,1.8028646287399266,3.5470591856715377,1153,1481
2021-07-31,5770,8461,2.4548323789607074,3.5720201860824172,805,1516
2021-08-01,3521,10610,2.7036134678908947,3.329303067769968,1088,751
2021-08-02,6143,11181,2.6634732948423734,1.6974561584178887,928,1397
2021-08-03,5338,10951,2.3029235581780867,0.6755288934326815,876,1096
2021-08-04,4584,12304,2.1761688187325228,2.55005051895549,1545,1196
2021-08-05,5632,10355,1.7536480451008376,4.509382481108167,1353,1507
2021-08-06,7270,14242,2.2834849011245564,3.0627376633335914,1041,1922
2021-08-07,5181,12000,1.8253216302109703,4.245759687658586,308,1338
2021-08-08,5248,11981,2.968731352984437,4.962309543325526,891,948
2021-08-09,4540,11344,1.91766187098918,1.2362729186222432,1810,911
2021-08-10,4150,12310,1.6171306105690677,3.6129993761389203,930,914
2021-08-11,5830,13650,2.6047322756344684,3.534321081650111,1330,1163
2021-08-12,4143,10265,2.690459465438803,4.909799513112253,1432,1090
2021-08-13,5071,10683,3.243826122561011,4.935203302787602,1065,1011
2021-08-14,4522,11392,2.6539632248353637,3.5900537527585827,747,772
2021-08-15,5478,9308,2.1909617074468914,1.5962665639198743,269,1149
2021-08-16,5333,10361,3.106023763052641,4.093501271587696,1205,1583
2021-08-17,6037,11047,2.5805577863748423,0.9816311039496715,755,1110
2021-08-18,4489,13748,1.6585605692623835,4.0131468687723295,1052,1085
2021-08-19,4730,12525,2.6317011206264933,4.595882558651134,625,1016
2021-08-20,4021,12387,3.3160370908433245,2.2227502764579588,920,645
2021-08-21,4555,13701,2.292625250996441,3.337858827423862,1010,1016
2021-08-22,5377,11725,2.0926516037996,2.435642294435718,1080,1372
2021-08-23,5756,12780,1.78693891403604,2.469942747446578,665,1306
2021-08-24,4077,11793,1.8028910438707146,1.8966690009865403,1359,1144
2021-08-25,5869,12530,2.365542968683638,3.929583292026461,820,1134
2021-08-26,6355,10834,2.691359648323059,4.712794538749273,497,1035
2021-08-27,8119,2848,0.498369243101761,9.46675773311015,967,471
2021-08-28,6876,11731,3.3791371780503314,1.2865157819372022,1010,1421
2021-08-29,4226,14845,3.010267234890392,4.436346423454547,1048,999
2021-08-30,3755,13852,2.6732478365673256,3.8184414864220497,1408,1009
2021-08-31,3221,13930,3.1568773418779816,1.6377683031063017,929,639
2021-09-01,6496,14472,1.6603735136242266,0.8027807581468155,964,1672
2021-09-02,5654,12177,2.4536777554662486,1.7059877009797009,669,962
2021-09-03,4944,12394,2.760186253723327,4.604937065516865,1246,957
2021-09-04,5279,10764,3.1573058122365785,3.3493040370309752,1055,906
2021-09-05,3874,11367,3.066939120098535,3.7447459740404234,873,1052
2021-09-06,7445,13231,2.0541384994267995,1.6571855799909314,428,1365
2021-09-07,5129,14407,3.381760339118409,3.737246700086691,1433,1321
2021-09-08,5109,11721,1.7486916828617407,0.6265467782506569,631,1489
2021-09-09,5725,11099,3.250267237242304,2.188946055978562,822,1311
2021-09-10,5481,12001,3.441880499209237,3.3203900684404903,1107,1266
2021-09-11,5223,13202,1.8543070464452511,1.1574345449359411,641,1144
2021-09-12,4209,9112,2.9441321284075705,4.2035160850112065,551,837
2021-09-13,5471,7407,1.580571037555997,1.5576408446536338,362,1210
2021-09-14,6882,10898,2.31084565027831,3.4352650076830082,1216,1654
2021-09-15,6345,9558,2.532566598395348,2.3233871415889835,836,1890
2021-09-16,6593,10983,2.6612904518192684,3.1821961796494125,1878,1916
2021-09-17,4488,11704,3.371874496497119,0.9835274868300865,701,1253
2021-09-18,4010,11093,2.8445013745883894,0.5761075996472329,723,1136
2021-09-19,4874,14904,2.462555902438474,4.5930399232113555,830,1073
2021-09-20,5055,12653,3.1193500725317787,1.7133350394523226,1072,1256
2021-09-21,6094,12600,3.4010656419088177,4.188546512512066,858,1732
2021-09-22,3307,13244,1.5441322973645817,4.997076352124901,1183,690
2021-09-23,6529,9722,3.4650425445120776,1.4514406609951003,706,1921
2021-09-24,7261,5631,0.5016792834382082,3.3865366706502003,585,308
2021-09-25,4573,11848,3.1287735585375227,3.4828690443559958,460,1098
2021-09-26,3987,13340,2.060669505102825,4.844518855702796,332,1022
2021-09-27,3345,9856,1.7643593155077435,4.621164566858347,844,978
2021-09-28,5823,8892,2.37971127942767,2.762939840295132,909,1087
2021-09-29,5073,13635,2.7879131588952273,4.077996271370261,810,1328
2021-09-30,3710,12752,2.26190369004695,1.1108563389495547,1373,846
2021-10-01,3704,10195,1.609130816565398,4.898471828918055,1368,704
2021-10-02,2332,18468,6.747305698293583,9.679179106323879,899,2237
2021-10-03,6669,14250,3.3048065522213497,1.2367803104562693,461,1552
2021-10-04,4740,9621,2.2664307318945034,1.8474040616139797,829,1180
2021-10-05,3496,15285,1.932665555261654,0.9506974887804511,820,693
2021-10-06,4754,10198,2.3851546918656306,1.7227291950418087,802,1056
2021-10-07,4727,13276,1.5967254220975617,4.17180105236843,790,1146
2021-10-08,2303,11342,3.1409751689605496,2.2024202322436675,803,485
2021-10-09,4945,13206,3.1526816219003733,0.8977863521604127,884,888
2021-10-10,4769,10911,2.676000926859257,2.0400148615050706,809,1403
2021-10-11,5696,11674,2.2062057778767787,4.91622500408576,1062,1291
2021-10-12,6848,12081,3.099566728891567,3.333576178666413,1108,1781
2021-10-13,6126,9995,2.6093740495767346,2.3727242588277098,726,1296
2021-10-14,4731,13481,3.151864617100032,1.249423310737715,1381,961
2021-10-15,3893,10973,2.7629175851660412,4.937795587776627,705,821
2021-10-16,7573,11542,3.068810946425595,4.1938205416840795,514,1600
2021-10-17,5059,10011,2.6971259864355197,1.7666478610291372,1114,1171
2021-10-18,5013,6875,2.3282821364313326,0.8153091307453526,754,1160
2021-10-19,4975,11617,3.415891719852275,0.7548150081990112,1096,1117
2021-10-20,5198,16825,2.5822276497576895,1.0417016727749022,278,884
2021-10-21,4855,13569,2.710179037081077,3.1134586262648973,1417,1089
2021-10-22,4426,11961,1.9409752788294985,4.679435395424716,1201,776
2021-10-23,4453,11474,2.751301578854553,2.7353454260269303,549,752
2021-10-24,4967,12044,2.6432152989658877,4.293254671052887,556,1439
2021-10-25,4456,13094,1.86967679589405,2.506489789369135,1501,1072
2021-10-26,4287,9638,1.6191741947062874,3.6886259559552137,778,1067
2021-10-27,5106,14228,2.7087186394295424,3.793427317789254,749,1073
2021-10-28,4745,13430,3.027384538700641,1.2828366765650239,320,1358
2021-10-29,6503,13436,2.5468027418440164,2.125472265391153,894,1597
2021-10-30,2349,12876,1.9535452506392914,3.3678597044211074,931,623
2021-10-31,6091,12039,2.8330439533860696,0.8181347368296479,1214,1250
2021-11-01,3123,24021,0.4980634359657613,4.25386168986661,580,3305
2021-11-02,2926,13183,2.383667409603909,2.9065975982653662,543,799
2021-11-03,4657,11291,1.8267335167968404,4.9830102187008745,1135,1295
2021-11-04,4628,10852,1.8689181021197667,2.635401031800983,1302,813
2021-11-05,3592,12203,1.9045878983164073,4.172255407014456,528,684
2021-11-06,4222,15098,2.273414114087956,2.4443027827997796,1324,814
2021-11-07,3889,9521,1.6023004112407953,4.08375825178869,1011,741
2021-11-08,6752,9064,2.2955868818581964,3.179366607290488,1327,1879
2021-11-09,2967,22192,0.7570244682688204,2.244839743380396,978,1653
2021-11-10,6271,12101,2.46658856993265,2.3492414855754946,243,1012
2021-11-11,5721,12346,2.265568200806081,3.219369889196655,954,1093
2021-11-12,3870,12487,3.1782932161415047,3.3350840627847234,1318,696
2021-11-13,4475,11553,1.7906533848410082,2.3782232381021298,731,826
2021-11-14,5489,14979,2.511393487562748,1.1494041965936668,883,1480
2021-11-15,3777,8798,1.6240828339131086,0.92101733110551,947,885
2021-11-16,5712,10343,1.6423113577558195,0.575021977698349,130,861
2021-11-17,4759,11793,2.6477316993541926,4.430904189103466,1501,1020
2021-11-18,4625,8713,2.632036849775642,1.5641371050741255,729,976
2021-11-19,8565,4659,8.140167564222285,2.9035607435359125,1151,286
2021-11-20,5444,15322,2.615747351320146,3.812159301917295,973,1368
2021-11-21,4639,12041,3.4195820408097006,1.9400725088932629,1377,1184
2021-11-22,6159,12461,1.5973896967998595,2.7772011158532646,1121,1589
2021-11-23,3918,9479,1.6960153695614821,1.2312997938385533,929,1015
2021-11-24,5615,10767,1.5881317231407628,4.818855746578862,731,842
2021-11-25,5593,11249,1.87055370066708,4.332116300077568,1239,1639
2021-11-26,4690,11364,2.582540221883356,4.3870533033425145,437,1276
2021-11-27,5326,14563,2.791144362854856,2.3304818685740236,1193,1521
2021-11-28,3748,13115,1.5911703158973376,3.9306254616822778,670,570
2021-11-29,5924,9777,3.391941779691199,1.1474426992540108,1375,1718
2021-11-30,4815,12493,3.1843307533007623,0.5387855116630113,1048,1307
2021-12-01,4477,12996,2.093224964314186,0.5898781966011266,1193,1233
2021-12-02,6049,14280,1.654375060452936,3.139707818320522,1024,991
2021-12-03,4295,15161,1.8397741464381145,2.5492770736157335,474,1120
2021-12-04,3591,9969,1.7538888275099453,2.831069070088339,741,1055
2021-12-05,3443,10378,1.7465675585978937,0.5335841318774873,1201,866
2021-12-06,5606,9484,2.5371233773314676,2.4020897884584156,1049,1320
2021-12-07,3719,11531,1.9916948849868006,3.731306725403874,1354,1085
2021-12-08,6754,12932,2.216279433058289,2.492121658853461,1120,1461
2021-12-09,2918,13974,3.479010666768645,3.794986428405,709,700
2021-12-10,6696,11848,2.8686284978506897,1.5485853397857565,761,1482
2021-12-11,5211,11360,3.3979613340940027,4.159139020167765,1030,1510
2021-12-12,4903,12303,1.7851131100662312,3.1479405820405355,305,791
2021-12-13,4455,10329,2.2642789496651385,1.448433947434578,1502,1003
2021-12-14,5399,16179,2.6094636065647085,1.5652421413422481,1132,1366
2021-12-15,4962,8784,1.653516123777476,3.326137090562917,1368,1333
2021-12-16,6103,12369,1.5083748872559157,4.2347281694559955,525,1449
2021-12-17,5114,16047,2.840868667593835,2.370325019131198,1373,1464
2021-12-18,5150,12013,2.7836390336028707,1.662351931074165,1669,1500
2021-12-19,4636,11619,2.3215776199992235,4.4015522310977016,603,740
2021-12-20,4943,11285,2.4792881520640653,3.511707312878757,1231,1039
2021-12-21,5307,11639,2.3308860011841794,2.5163846927738445,1000,814
2021-12-22,3289,14745,1.5480100896897777,2.6955508787568583,536,655
2021-12-23,5476,13636,5.426858031087312,0.7095770528568919,1147,252
2021-12-24,5743,15066,1.8541645107945797,3.320611835291798,1250,1646
2021-12-25,5170,9152,1.6968483782027375,2.1143412974429987,819,1432
2021-12-26,4816,11466,3.4134408677786996,4.980403295034572,1349,814
2021-12-27,5018,11141,2.6987194500843312,2.660825818678495,499,822
2021-12-28,5347,13177,2.9573125684732053,2.686485227853259,551,1274
2021-12-29,2230,15845,5.326818716330588,1.5231665216740118,1040,307
2021-12-30,4221,12924,2.2862942589880304,4.625402014034361,1007,801
2021-12-31,5195,16048,1.973847987793447,4.103681449368876,785,1480
2022-01-01,2010,3709,0.5081794025792549,5.060170628180573,1242,348
2022-01-02,5408,12379,1.8580632748831676,3.734146696877582,1159,1137
2022-01-03,3297,10676,3.0950280905929715,3.1380597445134275,1257,934
2022-01-04,6029,12851,2.855091610367552,2.71565171915562,963,1251
2022-01-05,5472,12038,2.593857751970954,1.3654209775295774,1180,1425
2022-01-06,5256,10717,2.450179745733536,2.5877131855470092,866,1163
2022-01-07,2991,5190,1.0034605701936745,3.2123672832031716,1616,1813
2022-01-08,6665,15608,1.6454698955573368,4.616789674332446,756,1927
2022-01-09,6014,11618,2.0612016264758317,2.009330660733561,1631,1311
2022-01-10,3159,13439,2.199875707141428,4.785188065400176,1010,821
2022-01-11,3720,9413,3.0648516244255757,2.8987488054262003,587,762
2022-01-12,4375,10087,3.485029240323943,3.3419497040427215,1410,668
2022-01-13,5026,12944,1.9813410295143061,2.943232000201975,1037,829
2022-01-14,5517,14968,3.2486146682741612,1.0822127763501541,1255,1238
2022-01-15,4274,12711,3.1612455208635826,2.1911954855357343,1367,1083
2022-01-16,5186,11373,1.9493147952835332,0.9461575052493076,1101,1038
2022-01-17,2122,4799,0.6895995481195336,1.6516465994126088,822,1942
2022-01-18,4388,9499,2.3193457385850382,2.5109338784019752,1292,1118
2022-01-19,3593,13209,3.456441337053117,4.000932372069216,1000,918
2022-01-20,4076,13764,1.8617838027577966,1.4921171644971643,1205,912
2022-01-21,3648,11095,3.098315942209564,1.2405472629320071,353,1047
2022-01-22,4024,11059,2.1683854283462196,2.3284950393369552,1134,898
2022-01-23,6053,12531,2.961740691552321,4.669634224482715,808,1316
2022-01-24,4050,11126,2.3400220085913257,3.6968981675558528,1495,728
2022-01-25,7632,11867,2.65671952623308,2.3851563115681342,1186,1497
2022-01-26,5493,16199,3.1652235466522622,2.8277247638943974,1071,858
2022-01-27,5184,11505,3.1083311299677683,0.8789585502969426,1145,1270
2022-01-28,4141,11283,3.2328463670794,4.930591533692509,700,775
2022-01-29,5700,10704,1.619234650689318,3.498832871127135,1486,1115
2022-01-30,4424,13488,2.8841011060794894,1.784318308085401,1597,1175
2022-01-31,5122,11637,1.7799747534435257,3.1361377739685996,1117,1019
2022-02-01,7560,10701,2.331637136036822,0.9926706473104729,1477,1408
2022-02-02,4903,14642,2.597176830109377,4.846265009634126,829,859
2022-02-03,6149,14839,2.3054789694936613,1.2865324454751468,760,1637
2022-02-04,4296,10799,2.539223351606015,3.416136431248464,1012,727
2022-02-05,4965,8266,3.4930526175972383,1.604545081425187,1130,1082
2022-02-06,6770,14015,1.7704346274257095,3.729026221918411,881,1530
2022-02-07,4373,10630,2.850912090672851,3.9956961525812646,1161,1106
2022-02-08,6812,13581,2.2920019327712304,3.530388780101447,1091,1668
2022-02-09,5707,8059,1.7660195978146576,3.2652475711483664,700,1550
2022-02-10,4437,13785,1.817473526748619,4.516110922784053,1155,695
2022-02-11,5632,9577,3.398546212491234,0.8538201994539112,1259,1095
2022-02-12,5972,13461,3.259202993423524,1.9891164460108783,1051,1146
2022-02-13,5621,12028,3.3140839208300434,1.617293658338807,1345,966
2022-02-14,3429,10092,3.4830655516547733,4.946062829294397,634,663
2022-02-15,4272,11185,1.916630780017036,2.252254008500931,1140,839
2022-02-16,4752,13372,2.2108786747281233,3.796757146581794,648,1084
2022-02-17,4925,12211,2.838438059849733,3.581263237464521,665,1229
2022-02-18,5620,13168,2.4676050797212943,1.4543655686481998,810,1164
2022-02-19,5177,15952,2.336779066756667,1.575489560951981,717,1335
2022-02-20,3664,8871,2.215622498671186,1.7657805359886534,835,734
2022-02-21,5380,15234,2.6875612638869044,2.3500727521672067,935,1041
2022-02-22,5610,12208,2.6511868572801642,1.5544627954273706,1251,1296
2022-02-23,5559,10202,1.8229156681284802,0.5884316723608152,903,853
2022-02-24,6080,9339,2.443479675036878,4.45726875563238,524,984
2022-02-25,5833,11621,2.6069435524196996,4.845244241213979,1342,1240
2022-02-26,5459,13843,2.640573877462781,2.0370667416420556,748,1590
2022-02-27,4929,11744,1.9202143858247036,2.0232809574146278,982,1272
2022-02-28,5008,27039,0.8953628353513721,0.2659565787423347,1133,163
2022-03-01,5429,9097,1.5503981896421393,3.5611280974866832,1059,1503
2022-03-02,5207,11975,2.2096637110863253,4.21447953086883,1328,1353
2022-03-03,5271,9495,3.060425297071267,1.1597373516200142,1143,1273
2022-03-04,3723,12727,2.6277858421108045,1.2184985721521784,741,1016
2022-03-05,3918,13773,2.0223248650217203,4.05537462487147,1653,825
2022-03-06,6053,11158,2.8899062386860956,3.2733083675936507,1058,1109
2022-03-07,4960,6791,2.6347818883121468,0.7018725093247266,955,1124
2022-03-08,5681,12397,3.0924872189127743,3.3014614570802676,1289,1319
2022-03-09,5028,12873,2.9700503723796468,1.8901297527969474,1074,1160
2022-03-10,5029,12808,2.7202158440724693,2.159263199618807,1119,1180
2022-03-11,8907,26047,6.19088837655407,1.9818956911679804,1747,520
2022-03-12,4483,9857,1.7663642513350468,4.1492083670267474,917,1279
2022-03-13,5096,13360,2.0226660357707678,2.3016048207792377,904,1433
2022-03-14,4537,14385,2.3381989458341703,4.7621882120285965,1034,1225
2022-03-15,4565,8442,2.6985985740127774,2.329082230784325,1321,1330
2022-03-16,4690,12639,2.52741571043061,3.9732621585354946,548,772
2022-03-17,5222,10991,2.076369051919059,2.6774476905391658,410,990
2022-03-18,4521,11836,1.512928715579421,4.538895469349378,823,1013
2022-03-19,6255,12695,2.4924784438016276,4.584925596425804,509,1732
2022-03-20,4105,11025,2.0712519771244864,0.8933756354198774,872,926
2022-03-21,4813,10648,2.96921660142107,4.714219990896016,1150,1261
2022-03-22,4560,12068,1.547892530540967,4.214906786841871,732,779
2022-03-23,6446,9825,2.6696556226115815,4.0608982144070005,571,1210
2022-03-24,5196,9828,3.382948475012131,1.404101028584851,1020,1349
2022-03-25,6031,13358,1.848818534222999,4.123036439395992,1258,1053
2022-03-26,3514,9702,2.443298981501191,4.325597306082666,491,712
2022-03-27,5267,13332,1.6828439836342763,1.8011765050436792,1246,999
2022-03-28,5889,12925,2.7513638245227052,4.785170352630457,1245,1192
2022-03-29,5082,8548,2.601063361192451,0.7243706587962391,1286,1302
2022-03-30,6065,10644,2.3147310484256645,1.1745916396121285,1365,1244
2022-03-31,4482,14388,2.5427540429474824,2.9191151212318145,1660,1045
2022-04-01,6409,10037,3.2931493169380204,3.0910661200503937,893,1057
2022-04-02,7298,11071,1.892588604622134,3.403175374854065,1032,1975
2022-04-03,4637,12924,1.5451290234106945,0.576361081919599,875,952
2022-04-04,4554,13566,3.2233297693982017,4.821650485799586,1000,1126
2022-04-05,6453,11496,2.654234164775813,0.700646417303648,1459,1670
2022-04-06,6579,10804,3.281316910923685,1.1437787872553107,596,1193
2022-04-07,4477,14844,2.6938904468263454,0.5630653288672565,741,1265
2022-04-08,4579,15477,3.120322179919405,3.050862949823426,1413,1110
2022-04-09,4718,13957,2.359346726710296,4.695200977644375,1306,1011
2022-04-10,3655,12170,2.9997198625765376,3.496762247362089,891,648
2022-04-11,4081,10383,3.3260829337797118,4.201958608161923,1256,1188
2022-04-12,3995,10339,2.6442459274444126,0.5597654155636104,1102,1051
2022-04-13,4232,13045,1.861570301124759,2.9390688431587675,1450,766
2022-04-14,4965,12836,2.037595230060396,2.5680333987748485,1022,996
2022-04-15,5234,14803,1.8972891537948116,2.7453557489935685,1307,1420
2022-04-16,6550,13300,1.9937140551914658,0.8249593340083458,1792,1666
2022-04-17,4001,8993,2.1128308987020725,3.5799591248118836,1179,1059
2022-04-18,5984,14103,2.610267573506377,2.764491866863855,1014,1293
2022-04-19,4786,10003,2.6759832589276655,3.943169824375688,1216,1232
2022-04-20,4950,11232,2.352999494483722,2.683807853277719,890,1029
2022-04-21,5674,12500,2.7308415596416706,1.1722173630189443,1716,1030
2022-04-22,3877,15991,1.6631498512227318,3.417156293350199,1054,949
2022-04-23,5382,18219,1.67557647411632,1.275738629473248,918,1595
2022-04-24,5166,13213,1.843658920715317,4.425775535096667,749,1015
2022-04-25,5492,11633,2.5361549960806897,3.259023075811587,1329,1203
2022-04-26,5289,13069,1.9279893573966271,1.2074174760062941,1260,1328
2022-04-27,7455,13775,2.0665688069851544,4.8305212586654305,850,1723
2022-04-28,4362,11358,2.300625672345988,2.832644585008943,1172,1206
2022-04-29,4469,15590,3.12373224802076,0.8280430334224476,547,1180
2022-04-30,4376,12460,1.5277242718257202,3.3207480698678027,1055,694
2022-05-01,4444,12995,2.798757640473245,1.639395081557646,1135,1332
2022-05-02,4362,13331,2.8377530620813705,4.116620533447861,1512,1146
2022-05-03,6189,12843,3.097311560713273,4.180199331047858,768,1730
2022-05-04,6420,13677,3.3655058781206266,4.905263101345978,616,1590
2022-05-05,4429,10765,1.5402756978985797,2.7584128896102666,731,1233
2022-05-06,4167,10883,1.8075674110264324,2.547305958774817,599,695
2022-05-07,5471,9799,3.272342588111986,3.8906402245091627,1400,1106
2022-05-08,4447,12879,2.4170371243740307,1.0961179535386696,1464,1251
2022-05-09,5632,13557,2.629181277866927,2.9611198120690587,1096,1015
2022-05-10,5202,12915,2.8260544074462945,2.9581142005888292,1366,841
2022-05-11,3484,15348,2.8581332089912745,0.9026290526467424,1040,934
2022-05-12,6547,11988,3.3634808066330164,2.380928384781111,971,1802
2022-05-13,6795,13337,3.493898834823339,4.3397815935524084,900,1185
2022-05-14,4387,9816,2.9403149218618805,4.352691298975971,906,1220
2022-05-15,4612,11225,2.0744424184103014,0.9465694921385646,535,1166
2022-05-16,2642,5356,8.148762011471717,0.45412198618261945,1079,2169
2022-05-17,5334,13698,1.5984418290815232,1.6821296465087088,987,1464
2022-05-18,5658,11412,1.9621617057489924,4.4364472814929705,1223,1204
2022-05-19,7010,11856,3.29477143492743,1.0800616328307453,1028,1255
2022-05-20,4823,8964,2.01238302887871,3.739985611823508,951,929
2022-05-21,4201,11285,1.941302119243497,0.9552452882589645,738,948
2022-05-22,3620,13780,1.7762505862804945,3.304120341865214,1021,831
2022-05-23,4269,13150,3.218223515293833,2.1023028460361517,1221,1156
2022-05-24,4966,13001,2.5001165183821734,4.050112833346402,656,1334
2022-05-25,6794,12099,2.8497864061083096,1.5516070197141363,1026,1611
2022-05-26,4482,12014,1.9781327681500593,3.3764082322548195,1069,1197
2022-05-27,5223,10679,3.0160808420224328,1.5605714055914823,784,933
2022-05-28,4983,13397,3.020011089924197,3.7114712740046922,823,784
2022-05-29,6188,12841,2.1251960498166005,4.431551155523369,1069,1739
2022-05-30,7526,12984,2.3213652660205657,1.07060809607042,659,1214
2022-05-31,4469,10947,1.9193805548604017,4.399680598679765,1104,835
2022-06-01,4510,7693,3.4531220466458086,3.1710886448643407,731,1146
2022-06-02,6044,14194,2.791205154116823,1.0719972089016079,1318,1277
2022-06-03,5681,11042,3.369087761431031,2.423938349118704,1701,1598
2022-06-04,6846,10274,2.1067710872582666,1.2238713206829406,741,1332
2022-06-05,5583,13386,3.0637818259937797,3.651565499899563,1160,847
2022-06-06,4640,11215,3.0317172877694842,3.9149066048807732,781,905
2022-06-07,8385,25414,7.208278259332708,0.4880421706137976,1312,396
2022-06-08,6108,13234,3.431277950533601,2.7776293371258998,620,1260
2022-06-09,5820,13367,2.287110672212631,4.1658127521166275,1144,1339
2022-06-10,5507,9268,1.7614346471795146,4.712733686979484,738,1550
2022-06-11,6066,14423,2.8434177184881215,2.810830400337965,937,1740
2022-06-12,6169,12522,2.958619600954412,4.776256506251332,690,1171
2022-06-13,6382,11261,2.6501211469176296,2.910600367052134,1246,1399
2022-06-14,5648,12286,1.9136357862667925,2.2738572256995857,748,1312
2022-06-15,4832,8447,2.508911883338711,4.31691407848803,1165,1412
2022-06-16,5146,12817,2.1243794731382586,2.718422197061401,896,1542
2022-06-17,6206,9941,2.354933056333378,2.6235612975403537,965,1150
2022-06-18,4183,9294,2.7904371516893276,2.7064062023442275,1044,1083
2022-06-19,5368,8955,2.990429485381669,4.310532508413854,771,1109
2022-06-20,4606,14225,1.9644493818026862,4.243736937596235,1063,696
2022-06-21,5028,10741,2.3106507212939067,2.3158399659809503,1459,761
2022-06-22,6278,15067,2.038323141983258,1.9998493694173627,766,1375
2022-06-23,5191,10928,1.8972632277237382,2.713676108176082,1351,1158
2022-06-24,5046,8585,3.0667744399916765,3.0774762938169906,1449,773
2022-06-25,3640,9766,3.3185053888739846,1.5725174478259862,755,921
2022-06-26,5746,14471,2.2404643713691534,4.072797881220158,563,1115
2022-06-27,5645,11688,3.002557848747534,2.689172445795903,1090,1320
2022-06-28,7163,10903,3.293990578728822,2.0032049678898183,835,1397
2022-06-29,4692,12320,3.192248421060463,0.9806944683379577,1560,821
2022-06-30,5219,13003,1.8656267770784518,1.5748032218162311,1010,1101
2022-07-01,5249,14234,3.4125837630267224,4.771765272901927,759,970
2022-07-02,6577,14896,2.253352880858925,1.8729485906878698,655,1514
2022-07-03,4904,11280,2.1784813223476727,1.259866802151659,1326,881
2022-07-04,5279,9347,1.6248626545555607,2.573027562447469,828,1194
2022-07-05,5607,11173,2.4723473082097662,1.881894845121119,1013,973
2022-07-06,5186,12520,1.7180272312818574,0.6582166262203737,1286,1299
2022-07-07,4553,10072,1.997079641854852,1.9541534777573777,854,1197
2022-07-08,5194,10085,2.1338852435345625,2.9484888077276086,986,865
2022-07-09,6073,12687,3.117652646983368,2.982705674089851,995,1337
2022-07-10,3973,11902,3.250977300791793,2.1045151452959994,1204,638
2022-07-11,5132,12065,2.1049326349229394,2.512862403136703,1177,1230
2022-07-12,4299,10483,3.217396242489148,4.844830632056449,933,815
2022-07-13,6195,11539,3.214461874739582,2.1980681475364023,1019,1419
2022-07-14,3476,10151,3.029301900769747,1.6620206596699234,888,791
2022-07-15,4441,13780,1.793390228030363,1.5956016983004204,556,1281
2022-07-16,5377,14070,2.880645693801458,2.5599407571686035,1077,1249
2022-07-17,6565,8307,3.3900481291611375,3.917840669226248,1567,1558
2022-07-18,4934,10140,2.865080957534314,1.4269468288481293,734,1037
2022-07-19,4444,9006,2.163233698215668,3.6918325721334564,768,1299
2022-07-20,6881,10699,2.5011586348616626,0.5951742050723733,738,1834
2022-07-21,3551,11833,2.791450086702107,2.385198400927757,1217,684
2022-07-22,2801,9100,2.521140817457007,3.991392793412541,1134,774
2022-07-23,5440,10156,1.7399058834619396,2.0242983009849413,952,1168
2022-07-24,4497,9992,2.1241280893040413,3.0368169565042975,724,1233
2022-07-25,3978,12414,3.104792061107265,1.4224065477165986,1027,1087
2022-07-26,5708,12138,3.222836092191035,3.8389792600677755,530,1017
2022-07-27,5243,10556,1.7746000654311405,0.7352559647094183,1043,1337
2022-07-28,4435,12353,3.4047735047974492,4.336441901939752,1261,858
2022-07-29,3719,10906,2.1576452356972187,1.3918837388975067,624,723
2022-07-30,5872,11456,2.8246274774614397,4.434791142687488,540,1141
2022-07-31,5650,15346,3.0036502919133623,2.086381585852328,1473,1462
2022-08-01,4900,14680,3.123892469275767,3.7520760851351898,816,903
2022-08-02,6846,9400,3.39149940445186,1.936513840037848,1340,1027
2022-08-03,3929,13659,2.1258390960576454,4.576602520555914,953,1010
2022-08-04,1737,24519,0.9651038727309326,2.1397341296653694,951,183
2022-08-05,4308,9703,1.763373806872414,1.3033390517266943,1131,713
2022-08-06,4954,13637,2.9100818127071855,2.7186355632146104,734,919
2022-08-07,5243,15075,2.983955459027972,0.8687229756716576,1039,1085
2022-08-08,2379,17557,7.138616206006603,2.7638216623158574,885,316
2022-08-09,5352,10164,2.004629472270306,4.746948719954065,603,838
2022-08-10,3748,14035,3.2460862940304067,4.894203475165492,1101,1107
2022-08-11,6443,12542,1.83771692674079,2.1931669819868986,921,1658
2022-08-12,4917,13102,1.6072695830416617,4.65478709456271,952,975
2022-08-13,6117,12681,2.9349299812238243,2.951711040530443,636,1209
2022-08-14,5342,12781,2.4509514304654676,1.7138410964319517,1477,1160
2022-08-15,5456,9347,3.1981960399173524,3.660794244862694,1263,1330
2022-08-16,5569,14094,2.2667942821165177,3.465058129586857,1289,957
2022-08-17,5447,14339,1.8365571770154256,4.9510639359893,908,971
2022-08-18,5642,11541,3.1728843849397395,1.6927127933417747,481,1573
2022-08-19,6329,11913,2.5978192632801433,3.5242677619778093,1585,1192
2022-08-20,5196,8937,1.8783915847807098,0.734106897632511,981,1075
2022-08-21,5709,13028,2.9407679971728915,1.0114071741352373,775,1602
2022-08-22,4910,13144,2.522227276979001,0.5176326872799197,1125,1224
2022-08-23,6440,11875,2.70862596448064,4.997573064768529,1350,1296
2022-08-24,4323,14248,2.4217966764131638,4.11023163716365,993,1091
2022-08-25,6800,11331,3.157417967636013,4.040253566300933,1383,1040
2022-08-26,4959,13129,3.1591254313660997,2.7937673387968087,1324,1291
2022-08-27,3569,9960,2.9187776436487725,1.8503018730744798,677,796
2022-08-28,5128,11952,1.7108027547929245,1.1806892800820417,797,1394
2022-08-29,4318,11651,3.1777077238081377,1.7810363248090866,1287,1266
2022-08-30,5840,12450,2.8420259610658194,2.191870498681126,186,1686
2022-08-31,4347,11260,2.894048332008599,3.9033954364113232,955,1244
2022-09-01,4553,11737,2.225965680807743,2.928478050064186,570,1032
2022-09-02,3110,13652,3.258559112314013,0.848676319499672,857,634
2022-09-03,4547,11126,2.9507432004697147,0.581130540315105,910,999
2022-09-04,2576,8786,1.725180933058389,0.9604948079032842,892,652
2022-09-05,5124,27898,5.788890172030814,1.1736221058191034,834,1737
2022-09-06,5760,14762,3.2727607239202836,4.699368126720582,670,1042
2022-09-07,5785,9415,1.594393403394758,3.3683111654414972,1687,1664
2022-09-08,5425,13379,3.422833239284099,4.108216549439818,1560,1477
2022-09-09,4033,10994,2.8583251366391256,2.5986856752704686,651,1197
2022-09-10,4952,12526,2.7627519552867534,2.1274973743776924,1474,1396
2022-09-11,4996,12588,2.0411185129759826,0.9878016772248023,880,959
2022-09-12,3841,11531,1.9975835774783541,4.441698599837922,1038,637
2022-09-13,6503,10432,3.384116438977191,4.0242201306255625,981,1084
2022-09-14,5877,10618,2.0965449084682453,1.256531439189763,802,1138
2022-09-15,4779,10167,3.051010593437999,2.8051725374431724,1295,1157
2022-09-16,2513,4134,5.7156089910353955,1.346593317822801,1037,408
2022-09-17,5208,11865,1.778508141569408,3.312911987089379,857,1483
2022-09-18,2958,10568,1.521430595390718,4.757841022960675,608,720
2022-09-19,4752,13364,2.5885146740305016,3.1089714879311585,731,716
2022-09-20,4318,14974,3.4515576370978653,2.930977700503784,507,768
2022-09-21,3998,10839,2.2382723876184087,0.7264531982059877,1003,659
2022-09-22,4718,12478,2.2143846679860895,0.7830836420811077,641,964
2022-09-23,6797,12999,2.188183235698884,1.34306056097055,920,1530
2022-09-24,5640,12944,2.5410876746097166,0.6461184726128673,1411,882
2022-09-25,6642,21871,5.953324417121468,1.922544015032528,1359,1612
2022-09-26,5572,13485,3.259829253454029,3.754986367972834,990,985
2022-09-27,6399,12964,2.5110415834469806,1.1122530549423932,973,1580
2022-09-28,8886,3809,0.7546547029131413,8.524710107157528,1563,390
2022-09-29,5059,13738,1.7767431894411132,1.1965371568075038,1156,1134
2022-09-30,4353,13774,3.4654790818207717,1.8552901414881147,901,932
2022-10-01,8547,4189,4.999864454344149,3.240792092452285,572,501
2022-10-02,5393,12075,1.6467281349192053,2.175381943578715,1118,982
2022-10-03,2947,24058,7.065731244876043,0.8229934732524142,1248,402
2022-10-04,5635,11581,2.690732740313745,2.7002791689730343,810,1467
2022-10-05,6049,14145,2.3302913079854912,2.3333354660960843,1087,1412
2022-10-06,4464,16727,2.344384467761356,4.939562708506969,890,1291
2022-10-07,6317,10428,3.0701278420928624,0.7516685755770155,944,1305
2022-10-08,5197,9237,1.8914252801992981,1.1398161937430822,253,1141
2022-10-09,7075,12607,3.1405066378897795,0.7377165225887112,933,1155
2022-10-10,4310,13443,2.797494227790036,3.316285377420691,1290,1040
2022-10-11,6735,11538,2.3379395475590488,0.7452917483617381,810,1301
2022-10-12,5197,14906,2.416057233167737,4.263978818192555,1015,904
2022-10-13,4348,9322,2.013294414372192,2.803723838068675,773,1007
2022-10-14,4516,13385,3.0042286653939496,2.8715343106169016,1108,1037
2022-10-15,4679,10788,2.5257494846105355,3.027175284704874,935,755
2022-10-16,5424,15438,2.141709085499687,1.2686616783779483,718,1381
2022-10-17,5522,15985,2.6921002315219003,1.3896063640151939,1399,1344
2022-10-18,4426,10466,3.4914689041026463,1.9346779529285212,1278,789
2022-10-19,4975,10900,2.3705245593131075,3.1707338711983315,818,1096
2022-10-20,7142,13719,3.341382801557239,1.4455299917309654,1149,1842
2022-10-21,6727,11225,2.190033679849132,1.0234927720996756,1161,1543
2022-10-22,5436,11909,1.6094654138499718,4.865525988882945,1192,1137
2022-10-23,5038,12050,1.9084842127368578,0.5989181666433031,491,999
2022-10-24,5120,8160,2.3373902866553684,4.112138324012097,1301,1236
2022-10-25,5613,11972,1.939269857189138,4.0461581730875995,829,1632
2022-10-26,3977,10620,1.500454076436511,1.837463512302932,892,997
2022-10-27,4742,11013,3.3300030754950543,1.1103197720329103,1791,764
2022-10-28,3331,14887,3.1877588224618583,1.1553289101744053,1090,729
2022-10-29,5399,9486,2.9845844629738942,3.6384422775673664,884,1531
2022-10-30,5647,13626,1.8356291912920573,3.3926296598877816,338,927
2022-10-31,4516,11442,1.7407271524199721,4.022355534131241,1416,1347
2022-11-01,6573,11440,1.6352094989447663,4.718665275795971,596,1921
2022-11-02,3774,13580,2.948058377545842,3.613673134699664,698,610
2022-11-03,3535,12680,3.3576159213757704,1.2013319144814956,900,1025
2022-11-04,5224,13141,2.361071641826074,1.595491775444348,1424,1068
2022-11-05,3023,25084,0.5214844031976289,8.57974357785803,1231,3011
2022-11-06,6683,11337,2.524785641464213,1.4418773412539385,952,1421
2022-11-07,4541,10775,2.1976638149172603,0.8263504262951664,1092,981
2022-11-08,6078,9829,2.2496498486999954,3.664760243190127,819,1489
2022-11-09,4961,10349,2.7426612483114146,2.3113685997056392,1041,1320
2022-11-10,4827,17898,2.9374362265244045,4.640180236456566,1022,748
2022-11-11,5883,14489,1.7212071977463217,3.4261478199214768,1290,1405
2022-11-12,5652,9297,1.5711804616129528,0.9068854000624733,1290,1006
2022-11-13,3423,9355,3.4886606053714297,4.765354552641473,1148,691
2022-11-14,6476,12963,1.9654566978311037,1.6635076863811065,891,1309
2022-11-15,6380,13094,1.6076610498169182,2.0174562068282857,1222,1405
2022-11-16,4374,13097,1.87975065819184,2.310171861575939,972,875
2022-11-17,5395,11490,1.5779156926969284,0.7305093338194096,675,896
2022-11-18,5494,11749,2.2836217892343433,2.734319400037722,879,944
2022-11-19,5260,12655,3.1048035689026485,1.0549332098388151,1025,815
2022-11-20,4449,12171,2.182488899515441,2.304366470097583,1273,981
2022-11-21,4328,7561,2.388366813756733,2.0781940459643793,944,1268
2022-11-22,4974,11540,2.8511735471348776,3.977780375419265,637,832
2022-11-23,6172,10297,2.5177881401397606,4.11426730234729,1017,1801
2022-11-24,5543,12350,3.2228913720426484,1.190357970750896,1034,1441
2022-11-25,4629,17970,3.232071350091513,2.149480343206518,1055,1136
2022-11-26,5771,12734,1.5198213909823073,2.1800892246432424,1275,1424
2022-11-27,2151,11372,3.056092612966398,1.1813469977123827,1305,589
2022-11-28,6148,13843,2.421467200483348,4.093040772730357,821,1020
2022-11-29,3260,12965,3.477681082607326,3.682527477509405,815,735
2022-11-30,4637,12840,2.4664641517508703,1.3567180383366564,687,1180
2022-12-01,5820,5285,1.0421375672329785,4.300497177344192,1209,277
2022-12-02,3705,16113,3.009138722411473,0.976122611854314,1434,1018
2022-12-03,6160,9738,1.9972097692266126,3.3269296869186977,905,990
2022-12-04,4532,12947,2.576789958573915,1.0461736604687886,927,1149
2022-12-05,5346,10147,3.4842712789571655,4.93670375881213,1440,1230
2022-12-06,4953,13111,3.215061215503847,4.013069336095381,1151,1024
2022-12-07,5477,10162,1.6947337875824422,2.256073473127978,1130,1101
2022-12-08,5076,11165,2.9127439936199924,3.1035376952570948,642,1234
2022-12-09,3717,11409,2.191159171741626,4.60103817297384,1203,1054
2022-12-10,5996,13951,1.5139645237606962,2.9934467617812177,721,1345
2022-12-11,4506,13836,2.306961938053999,1.2852431887907982,659,1233
2022-12-12,3443,9508,1.9695088434499426,2.2041651001152167,895,724
2022-12-13,4571,12109,3.1377385410409433,4.294151892633854,824,755
2022-12-14,6500,10580,2.174661217691531,3.3989585719532807,933,1034
2022-12-15,5850,9482,3.155047387907634,3.4282597295021016,567,922
2022-12-16,4651,11565,1.5011958776695906,4.400696685598201,1287,962
2022-12-17,4650,11383,2.1156383000522383,4.522878758581271,1338,932
2022-12-18,4678,16853,1.9823304286155239,4.639066573007463,415,1205
2022-12-19,7076,12865,1.967134722137222,0.9268213696392025,1293,1849
2022-12-20,5381,9244,1.6363732395309254,2.948567008833954,756,848
2022-12-21,5430,10870,1.8742485408210035,3.8322928454824337,1257,994
2022-12-22,6030,14042,2.6110991397712398,3.906170803071562,979,1152
2022-12-23,5238,16176,2.082722145675489,3.2302229088650174,1008,1215
2022-12-24,4740,8828,2.334789564658296,1.2505430083265336,944,813
2022-12-25,4803,8240,2.2537337606943773,4.08839249273749,1363,816
2022-12-26,4928,15741,3.2518098499997894,3.7405010008172557,628,1436
2022-12-27,4962,12779,3.3105979980210307,0.8876109719706633,1182,1342
2022-12-28,5727,10263,2.4859139433117203,2.587144211034693,1330,1014
2022-12-29,5051,13069,2.160311900631209,1.282898297848116,1214,1065
2022-12-30,5732,6728,1.7136014080047273,2.0186467057083735,1697,1165
2022-12-31,4919,12006,3.40680575876419,0.5813649149255844,841,1321
2023-01-01,5078,12655,1.620453889800595,2.3014844078484122,1287,1150
2023-01-02,3001,13848,2.0953005551365607,2.974446145202947,968,507
2023-01-03,5916,9972,2.0961324023400083,3.2881216677218905,1370,1543
2023-01-04,5346,12171,2.14080257228043,3.4857065530791953,997,1120
2023-01-05,5998,10149,1.8285736865448186,4.26331090896107,883,1136
2023-01-06,2103,12510,3.0663228618473943,1.4695830827407852,1391,433
2023-01-07,7088,10209,1.7449957239319784,1.0421682009731057,852,1592
2023-01-08,4860,11183,2.7698133183063254,4.3319172735406655,576,979
2023-01-09,6108,10008,1.747692053411635,1.2047576670169244,844,1137
2023-01-10,3960,13302,1.6410712751859131,4.886420366012879,1185,830
2023-01-11,5612,13716,3.3188590073717528,4.291422032293866,1417,857
2023-01-12,3946,11530,1.8802575326374114,2.753944726503196,1033,1049
2023-01-13,4376,12076,3.1425003091194084,4.916396412149114,1395,768
2023-01-14,6914,9102,2.589261742214272,0.938195280986019,592,1082
2023-01-15,4809,11400,1.6557130392175392,1.8637959252879575,867,1192
2023-01-16,2608,21418,8.527240957190337,6.744019735365503,913,416
2023-01-17,5870,17241,1.993922333983785,2.075030908129304,965,1597
2023-01-18,5495,9776,3.219290690705213,4.677676483913563,1025,1231
2023-01-19,7725,5971,4.594050028922821,1.590634793600358,1207,279
2023-01-20,5364,13993,3.2078857642837058,2.9723532442743403,866,1397
2023-01-21,7403,12561,1.526457625810588,3.158898203278015,1041,1887
2023-01-22,4942,15517,2.5235609131389616,3.4372765569975083,986,923
2023-01-23,5201,12744,3.0388851588431134,1.650498004993165,722,1484
2023-01-24,9075,23000,8.423977587463916,1.070274461919695,965,300
2023-01-25,6105,11893,3.318404272412974,4.296562383492399,956,1815
2023-01-26,6187,14447,3.13924973909529,1.3772424603657192,950,1726
2023-01-27,5638,14192,3.276382699322608,4.220905312280129,1009,1427
2023-01-28,3856,10748,1.898439371674153,3.031949403062341,1022,1121
2023-01-29,6633,9361,2.0683685914234573,3.9298438003733693,870,1713
2023-01-30,3853,11594,2.077937049842117,3.711233148185622,1381,688
2023-01-31,5302,10399,2.254107862003398,1.4338017292319556,649,1146
2023-02-01,4245,11872,2.2866413407703776,3.059657313952428,783,682
2023-02-02,4935,14474,2.589110649309351,4.404754187622916,1833,1028
2023-02-03,5328,11085,1.8197595267328828,2.4445230656086823,688,1391
2023-02-04,5321,11914,2.8824933275719786,4.849658466004925,593,1106
2023-02-05,5421,12116,1.835133078609013,2.534967950457731,1220,1081
2023-02-06,6613,13696,2.120616964209095,1.142535365005481,376,1582
2023-02-07,5453,7506,2.506690261212308,2.2524560603495294,929,1531
2023-02-08,4755,10786,3.0928811230469546,4.782660828757417,1643,747
2023-02-09,2982,22359,0.8936815399432363,3.877487644058688,536,371
2023-02-10,6189,14400,2.7910687128210445,4.406441719401783,405,1075
2023-02-11,3772,11016,1.8115465211603403,4.465628067568504,550,959
2023-02-12,5597,8246,2.5940906912311554,2.0758393594938247,1269,928
2023-02-13,5701,13239,1.674893003599771,0.8746594612278445,1337,1423
2023-02-14,4702,10729,2.2547263535933015,3.760510591214682,846,907
2023-02-15,6375,9620,2.327033060579918,1.9018053455629371,1204,1146
2023-02-16,4849,10751,1.5796228788915077,4.023156264159076,1417,1408
2023-02-17,5125,11630,2.047976198939944,2.491946817171949,1536,782
2023-02-18,4826,10790,3.4112989345329785,2.683700340541797,926,1040
2023-02-19,5015,7588,3.407265215659379,4.000592330368415,309,768
2023-02-20,3903,13794,2.2046541085050784,2.2206349897773254,753,868
2023-02-21,3559,14549,1.5862002178966481,2.4940730539531155,871,801
2023-02-22,6594,13303,1.858189878656363,2.1928571094633,922,1307
2023-02-23,4153,9724,2.2844355868670805,2.15303231874776,943,705
2023-02-24,4008,11597,3.3955593959384593,2.8667595960565673,1335,827
2023-02-25,2846,11986,1.7823981270743698,4.139597500255178,1382,713
2023-02-26,4361,13197,3.0270316873364242,2.1279574036515463,948,1165
2023-02-27,3676,13336,1.7173650787493842,2.8591462424198153,1329,844
2023-02-28,6642,10531,3.4625151547825537,3.518272964491704,1107,1583
2023-03-01,6009,12163,2.26323299821827,1.7124775083664476,1019,1082
2023-03-02,4311,12914,3.050469077798112,1.7488526220607665,1271,832
2023-03-03,7252,14911,2.1851821656222636,4.700359071605547,1021,1263
2023-03-04,5981,13409,2.755337754317617,3.7559055799898986,1617,1120
2023-03-05,4675,13578,1.8840321694800735,3.09734004300489,568,858
2023-03-06,2500,12167,1.792042038593925,3.4147402448927537,845,569
2023-03-07,7290,14820,3.3761282791362626,0.6318474939653826,962,1708
2023-03-08,3610,12819,3.3352945558088667,3.281463345027636,1131,1053
2023-03-09,3354,10277,3.2749378804257647,2.7927899295089085,1380,601
2023-03-10,6022,14806,2.750866900333187,2.9558735590074603,992,1482
2023-03-11,7439,13395,3.1165364224325565,2.1174072207386767,573,2027
2023-03-12,3192,4445,4.095184684556875,0.43331626985411925,1252,2689
2023-03-13,5563,11041,2.1695780837813583,1.370026551254235,1226,1047
2023-03-14,5594,12593,2.1274062495143125,4.778351209457023,417,1059
2023-03-15,5853,12926,2.7712906439052265,2.339148030219203,998,912
2023-03-16,5758,12394,2.211915546941281,2.600074201238889,522,1127
2023-03-17,5281,12622,1.7970135632873616,0.7371940543404755,800,1381
2023-03-18,5104,15399,2.6929341508270874,0.6690480329479127,729,801
2023-03-19,4937,14143,3.128767841338163,3.7273165117104097,1242,902
2023-03-20,2123,22285,0.6792740966759839,1.4607129942725003,1035,1956
2023-03-21,4719,13882,1.7645374301969634,2.7891769289732,614,1261
2023-03-22,3307,9934,1.893376394625646,1.5940603869020091,1264,721
2023-03-23,7351,23031,0.5924899831016304,7.7027565846693005,569,374
2023-03-24,4011,15618,2.0997951859890724,1.2570646059882136,1099,835
2023-03-25,3896,11563,2.7855901410126185,1.35470634647459,755,677
2023-03-26,5179,10304,2.7018909690754382,2.5732047710672394,890,1086
2023-03-27,6392,10695,2.8921597231340783,1.788259379503734,1151,1514
2023-03-28,5918,9820,2.2250039690630263,1.6135834155491586,1156,1729
2023-03-29,3429,10430,3.1479953037599566,3.4035694004899923,1401,549
2023-03-30,4010,11258,1.9081753223115205,3.4293728534834504,975,906
2023-03-31,5940,9188,2.438081495036308,4.210326814099681,1091,1184
2023-04-01,4017,12031,3.1018774430828606,2.3796885513783916,868,908
2023-04-02,4775,13804,1.8603172954652385,0.8288829096176761,1054,733
2023-04-03,5550,10184,1.719726227481566,1.7314987321465596,1131,1093
2023-04-04,4031,15038,3.2673679353759795,4.910024584385676,970,1100
2023-04-05,5105,13021,2.1858593255183916,3.1831635885471594,458,1189
2023-04-06,3665,14061,2.867740249818064,3.693816881604591,1099,797
2023-04-07,4398,10684,1.550697208527877,0.5331102333143654,1109,848
2023-04-08,5319,13709,2.8800937768188994,2.831925794821344,795,1035
2023-04-09,3407,9816,2.1322026230939413,0.6688789588931141,614,706
2023-04-10,5440,13780,1.6114817071748835,3.0615359544115157,1442,1497
2023-04-11,4980,12343,2.719625523096234,4.643468823362339,1147,1469
2023-04-12,5552,13106,1.9816076321463465,4.857886087251836,931,1198
2023-04-13,5223,9648,2.27361448410376,2.9324870392501587,658,1091
2023-04-14,6364,10209,1.6611616245730272,2.561921623634972,753,1762
2023-04-15,5125,13194,1.7943265021898906,4.752576924118223,1390,1096
2023-04-16,4570,10103,2.0959544709916873,3.531244243985128,1041,1063
2023-04-17,5122,12926,1.6795190011203143,0.7920467579228425,834,945
2023-04-18,5543,9265,3.3216525293726304,2.595765099503739,1152,1449
2023-04-19,5048,13696,1.5120940863679568,1.5811025830893675,755,1160
2023-04-20,5040,9534,2.467720437728623,2.614119446519067,1450,1367
2023-04-21,4298,13104,1.746494916265103,2.5495950740286277,1405,1148
2023-04-22,4337,13251,2.115358178955897,3.119651612666339,860,790
2023-04-23,3597,10606,3.352119119636531,2.1054672065716304,811,925
2023-04-24,6749,13164,1.8233891065479737,1.2392170225516763,214,1822
2023-04-25,3756,12520,3.431664639436665,2.7667374556548032,555,758
2023-04-26,2153,19659,0.573476626193653,8.47182595911186,598,227
2023-04-27,4281,9982,2.983132216933659,3.4880550263042105,1040,643
2023-04-28,5894,8074,2.5933545297946234,2.0226553966634713,902,1282
2023-04-29,4705,12699,3.2689574551935183,4.709853602414857,596,954
2023-04-30,6247,8870,2.6079865110062617,4.6049340706213195,915,1457
2023-05-01,4326,12190,2.5691184383126173,1.4420677972284444,1151,770
2023-05-02,5278,11473,1.8909160007367998,0.6773791330416334,1158,1472
2023-05-03,4164,13358,1.8324587241033174,3.83588918757843,430,785
2023-05-04,7145,11395,3.3329783022310284,4.22424617607119,961,1314
2023-05-05,3812,11341,2.155676397700068,4.8553905467810985,584,846
2023-05-06,5309,13463,2.244164509925792,4.5042637733973985,1270,1193
2023-05-07,5633,12670,3.019647316856777,3.2024064569288666,1235,1026
2023-05-08,5413,12632,2.1776469648456147,2.8852355264557135,730,1032
2023-05-09,4814,12938,3.4041248932780057,0.6252847306816383,770,844
2023-05-10,4870,8928,2.9758555379976004,1.6099540108015002,861,1255
2023-05-11,5043,13513,2.69485848514684,2.568266382798169,324,1338
2023-05-12,4852,13224,3.2617903210895047,3.3282675503760553,1100,1064
2023-05-13,5963,9966,1.5992118166989655,3.007633249932848,918,1533
2023-05-14,7210,11511,2.0141253843784175,3.8418619535676073,1291,1877
2023-05-15,4442,11921,2.43007266844182,1.7589511889916838,670,758
2023-05-16,3630,11731,1.953957078943042,3.0422867344361295,814,1070
2023-05-17,4911,12667,2.9878103746043037,0.8966400952585646,548,1341
2023-05-18,7579,14862,3.3384160621074503,2.3614948561244313,698,1369
2023-05-19,4196,14163,2.347540239861847,3.8757237482957043,645,746
2023-05-20,6639,9375,2.18426520022379,3.620303840430698,1298,1120
2023-05-21,6677,13244,3.4231014642751325,4.957892317274806,790,1140
2023-05-22,4446,14657,2.389704865655082,1.750510066944902,1037,1165
2023-05-23,5568,12773,2.4780968008985664,2.741851846282906,885,1227
2023-05-24,6628,14181,2.203299744683811,1.9828868619829851,619,1772
2023-05-25,4620,16024,3.3190969460242767,2.4827140132662864,949,1210
2023-05-26,4796,14047,2.6379109665637017,4.356275584412247,1179,1154
2023-05-27,4418,12498,3.024349174363289,3.5789408383481898,637,1117
2023-05-28,3985,14090,3.1236134367017727,4.470985361064118,1242,608
2023-05-29,2175,22120,0.6551094251503549,0.7078999937467445,745,256
2023-05-30,3776,12047,2.36738866264076,4.4301250302864705,855,927
2023-05-31,5034,11297,3.1969435488125293,0.76893023380273,1159,762
2023-06-01,4230,15126,2.2265107033516207,4.498696761967186,800,655
2023-06-02,5233,10363,3.0878702669037024,1.9808320075732757,1011,1453
2023-06-03,3444,15064,3.381984645148874,1.9156443503632992,905,869
2023-06-04,5330,12999,2.746420746136014,2.804398595143988,1038,1011
2023-06-05,5833,9201,2.9832545749037775,4.733105844754543,285,1476
2023-06-06,1503,5094,0.9330583872246809,0.3575080705331621,451,1454
2023-06-07,5374,7799,3.190079297793285,2.085039387818354,1184,1053
2023-06-08,6227,13251,2.290106675713592,4.354573949075011,1311,967
2023-06-09,3790,13770,1.6025269183519963,2.2822451484596002,726,1098
2023-06-10,6672,10815,2.303752542473479,1.3962060391868016,926,1346
2023-06-11,5419,12247,2.8475124595681796,2.411573815991353,1088,899
2023-06-12,4294,15908,2.400700771561586,2.234986256712512,1207,960
2023-06-13,4944,10988,2.9979263017207973,4.619372906600166,391,1311
2023-06-14,5558,9882,2.2139648589373278,3.928704690843937,734,1018
2023-06-15,5076,14963,2.769488282208059,2.7730200008480286,900,966
2023-06-16,5538,15925,1.8728396097079492,4.94766755024707,1210,1032
2023-06-17,4079,12007,2.9987388732899136,2.593748890741655,1749,1218
2023-06-18,5169,14022,2.5913919376260517,0.7620702386912386,931,928
2023-06-19,3586,14682,1.9081287770932012,1.680234448167432,577,847
2023-06-20,4888,10515,2.0838223469956145,2.4623171609869066,1120,1411
2023-06-21,4096,11029,2.9972174171636645,1.2060618086575405,1396,704
2023-06-22,4264,14461,2.4652024713230416,4.764043068458194,1032,1260
2023-06-23,6236,15370,1.9320628807861444,3.950820040179979,728,1821
2023-06-24,6091,13125,3.434542380740595,1.7072924019249769,1287,1721
2023-06-25,5609,10240,2.930250039633776,3.158620400830621,1199,1021
2023-06-26,3907,15974,3.4142696650795923,3.7465212069930742,692,957
2023-06-27,4683,10938,2.354210090720686,4.735755180080591,1114,1236
2023-06-28,6213,11329,2.450200681383441,4.467359071289348,1299,1850
2023-06-29,2570,22831,0.9887731297110115,1.4091825088109808,1354,1638
2023-06-30,10978,27194,6.375246701226923,1.9929683945342895,980,3489
2023-07-01,5393,13707,2.914557823811334,3.0296513922241326,892,1083
2023-07-02,5192,12829,2.0043457549910597,2.9871675052049307,1368,915
2023-07-03,4690,12926,2.3934529374052813,1.0163388125218635,636,999
2023-07-04,5133,12087,1.7468997316207102,1.0676194610726844,1131,1381
2023-07-05,4847,13116,1.9119600717539234,2.8829012676010586,588,1065
2023-07-06,5708,6940,1.5018868305352622,1.7098769524055297,1319,1316
2023-07-07,5956,11406,1.5785301032973205,0.5946660610721088,922,1782
2023-07-08,4214,12482,3.4545676463538584,3.7527764175509555,1380,884
2023-07-09,3668,9697,1.9847073902735246,0.6461896851057423,1147,888
2023-07-10,3163,12772,2.8266214190080037,3.1787457849682452,633,647
2023-07-11,5507,11591,3.178199397599223,2.9263720735729146,1427,1150
2023-07-12,3896,15510,2.6013209184731285,4.85966610760012,1465,990
2023-07-13,2847,15146,1.8062890001679124,2.6789591270643873,1264,827
2023-07-14,5388,11068,2.9562328746723328,0.7862064637000881,771,1246
2023-07-15,7492,11698,2.700502820199166,2.9825958551290777,908,1987
2023-07-16,4993,11852,2.96250117869475,4.284932767772457,1043,815
2023-07-17,5838,11096,3.0394932457141746,4.985821779266479,788,1060
2023-07-18,5081,12390,3.45082073536949,2.4365442816008263,1507,1144
2023-07-19,4901,10483,2.6471265600534197,1.9413443412353413,1043,749
2023-07-20,5919,9738,2.1832822253812036,4.579939836283995,188,1112
2023-07-21,4709,13245,2.7969291138004744,1.360589580842546,1101,1071
2023-07-22,5267,13259,1.6368814184852523,3.2694301176481697,895,801
2023-07-23,5321,10391,3.2947946366431724,2.325714908814265,977,1009
2023-07-24,4331,13790,1.7387620226763936,0.6848706422999988,889,983
2023-07-25,5992,10736,2.1556856757716365,2.06279813437564,1242,1413
2023-07-26,4825,12506,3.131490761252242,1.6935283512620356,1335,1393
2023-07-27,4244,13640,2.6946247566614234,3.5874101927456907,1084,1047
2023-07-28,5536,11932,2.2872710405548844,4.769557239613632,898,1174
2023-07-29,4101,12909,2.446871318750043,1.7062123432038698,987,1187
2023-07-30,5028,10967,3.2090947864043606,4.151596726182568,1005,1346
2023-07-31,4990,11607,2.180008772119784,0.7491191762228429,759,898
2023-08-01,6085,11588,3.2392993696243426,2.921544545179159,1173,1032
2023-08-02,5474,10506,1.676268861953383,0.8174752866945256,1138,1376
2023-08-03,4974,11646,3.0535968744172615,4.703148460087877,1462,1163
2023-08-04,5817,8902,3.1950952661094725,3.948580762508256,1376,1561
2023-08-05,6390,11017,1.8636353056746775,3.4607746004206654,794,1666
2023-08-06,5557,11430,2.360693064744401,4.207533717310989,1246,1354
2023-08-07,5010,11487,1.8309995493273112,3.4138390800657343,714,1492
2023-08-08,3688,11517,2.9132082579884355,4.86024978728431,1208,848
2023-08-09,3934,11876,2.5706955361233135,3.7128107653914717,845,656
2023-08-10,4694,12958,2.770646693416642,4.66096374312011,693,1287
2023-08-11,4390,13749,1.8929739339124223,2.827093514047871,1084,824
2023-08-12,4813,10700,1.923491724104839,1.0267898584183819,197,1283
2023-08-13,5056,9593,1.5829946510198127,2.876799746403577,474,1484
2023-08-14,5529,9915,2.1441350703914592,1.0709277262839199,946,1407
2023-08-15,4929,11025,2.61948932266735,3.166220656293823,1024,1180
2023-08-16,5486,11296,3.2158698279946574,2.671218772374483,889,1201
2023-08-17,5064,10460,2.833854894917361,3.3015892902475175,526,1036
2023-08-18,3024,9407,2.3707926467995026,0.5452114147467422,754,613
2023-08-19,4060,11087,3.406240228788276,1.3767822124491385,1117,996
2023-08-20,4855,12362,2.9384904011516637,2.710986943604589,1174,1275
2023-08-21,3790,13190,3.3603304057251,4.777266027151107,995,954
2023-08-22,5599,10885,2.555175946544331,2.2262406815982128,1347,1006
2023-08-23,6530,11174,2.017808549586279,2.409674117241356,1119,1463
2023-08-24,6218,10146,1.605653372729444,3.7161324005298,775,1671
2023-08-25,4786,11937,2.952169702967701,3.217067407787531,915,1059
2023-08-26,6490,10303,1.7426059960110682,1.8451676754424995,579,1495
2023-08-27,5148,13146,2.1055502565439346,2.348673780053425,967,1367
2023-08-28,4662,8428,2.564941815767795,1.479649094857546,1333,1161
2023-08-29,4386,11280,2.628833175559495,4.847096566085939,1205,927
2023-08-30,4697,12602,2.701166393974272,1.0878547170081188,1420,1335
2023-08-31,4611,12367,1.8325106606994013,2.1732655305488873,909,804
2023-09-01,5170,17386,2.2594748096432973,0.6162753749900504,1403,1547
2023-09-02,5160,12699,2.734388454233933,1.4980077137009589,942,865
2023-09-03,5003,9991,3.4396377292675693,4.012120122710697,1441,761
2023-09-04,5436,11809,2.9552622753993774,1.4052885452999575,993,1541
2023-09-05,6190,8447,3.3452075141879156,0.8602853113803453,1212,1155
2023-09-06,5949,11838,3.024424116628354,2.635039309300355,1442,1543
2023-09-07,3515,10333,2.683433937784801,0.5448615563053332,941,954
2023-09-08,3669,5532,4.710116845681723,1.7628953898369986,1065,1227
2023-09-09,5934,10900,2.833371303785026,4.134316413033388,1386,1772
2023-09-10,3633,11766,2.746759131919814,3.9716300518682286,960,705
2023-09-11,4775,10728,2.704938340914533,4.6181246918220324,603,1224
2023-09-12,3829,15477,2.4795717359764815,4.345319461598373,1642,640
2023-09-13,3198,11357,2.5573132079785514,3.5742900345791813,859,674
2023-09-14,5541,15665,2.168885054236208,0.7354978578529827,1047,1535
2023-09-15,5759,13628,2.5386253852846066,4.022818780939959,1346,1181
2023-09-16,4423,12964,1.8951118113569565,4.304798648782522,817,1055
2023-09-17,2408,12737,3.1103487947207533,4.095869655973795,697,543
2023-09-18,4453,12787,1.8715539093974156,2.7881556588861174,1076,1099
2023-09-19,5391,8144,1.6699325797789328,1.5480582739226674,462,1595
2023-09-20,3521,11442,2.372492052714315,4.303984890599271,913,557
2023-09-21,2591,24642,0.8449844637036371,1.8861163219153116,1073,2202
2023-09-22,4984,11902,2.375433649867083,4.913425284749832,919,1392
2023-09-23,5579,9189,2.053508263902617,1.2006166899016981,536,1239
2023-09-24,5119,11895,2.6163423677808817,1.5154906237342478,1478,828
2023-09-25,4026,15408,2.1940046708244,1.4530916744667621,1031,942
2023-09-26,6196,14493,3.365735380253266,4.066428954296015,1429,1238
2023-09-27,4841,11875,3.345290279207144,1.3410828340255319,921,838
2023-09-28,4972,13902,2.504743639944191,0.7999692342048774,735,1379
2023-09-29,4066,11266,2.155767988036517,4.9935236296353285,1080,928
2023-09-30,4556,8592,2.974264827913278,0.6116774515031711,935,1321
2023-10-01,4115,10151,1.5734258869661333,4.258598270714895,646,1114
2023-10-02,4827,15125,2.4495380120873023,2.1441507869779377,1440,1225
2023-10-03,6711,11452,2.172646788540667,4.287269568910169,813,1011
2023-10-04,3628,11513,3.3410717702051094,2.995792210450152,447,777
2023-10-05,3386,11400,1.524006054545365,4.55734053268862,1398,608
2023-10-06,6471,15808,2.605629751436698,4.66786843886582,848,1854
2023-10-07,4790,15251,2.981327162133252,0.540941815763492,817,843
2023-10-08,4330,16437,2.4700359750480825,0.8393547919675473,470,835
2023-10-09,6039,11681,1.6708060603254433,1.6266142830688497,1522,1374
2023-10-10,4394,12591,3.4449227800558044,3.5119193736357577,613,832
2023-10-11,6826,8966,2.5360208627521956,4.497224884301777,1017,1238
2023-10-12,5677,14953,2.7283724886380227,2.5697387808228322,1273,1361
2023-10-13,4512,9664,1.9732195654150146,3.2313790232341946,1126,736
2023-10-14,7157,12433,2.4669961702136076,1.348249337580025,982,1135
2023-10-15,6591,3922,0.707489695174993,2.061175376233792,489,271
2023-10-16,5742,10822,1.6497916840039675,4.852976501090614,757,1482
2023-10-17,5299,10325,1.7123207070949344,1.7086951981156886,1056,1235
2023-10-18,6301,10784,3.1749450392375493,2.7267167822024585,763,1344
2023-10-19,6561,10921,1.9796399044131805,0.8875224972786822,1061,1540
2023-10-20,7548,4361,4.724791357493153,6.032229908166715,1204,309
2023-10-21,4246,13666,2.5098229025002787,2.7625254883100627,1288,1233
2023-10-22,5459,9790,3.037494262725026,1.1499641786978492,632,863
2023-10-23,4322,12441,1.6238930371579758,2.4892979590313375,1658,1084
2023-10-24,7013,14435,2.6536158392765117,2.0034709343895347,1230,1989
2023-10-25,5136,10973,1.7384208856811467,2.848238938873352,999,1389
2023-10-26,4634,10564,1.572922101651237,3.1354445094295964,1326,823
2023-10-27,5184,11538,1.6054879043244348,0.5382301037324428,1709,1007
2023-10-28,3652,14359,3.1683282164168824,3.924526923272999,568,940
2023-10-29,4028,12388,1.7359449672561231,3.708564313377834,932,655
2023-10-30,6200,10937,1.590302728824584,2.14828873792935,286,1685
2023-10-31,4343,12967,2.3757997742858246,0.7382117100596821,1057,1119
2023-11-01,3953,9795,3.1879869438840496,3.897196429032727,1109,1025
2023-11-02,5536,13362,2.024816752978604,4.798288222151596,988,913
2023-11-03,6185,12817,2.343425235051833,1.5806821820990637,803,1593
2023-11-04,5718,11384,1.5798450651275024,1.9558607618166706,385,1440
2023-11-05,5996,10322,2.3981570282697517,1.3271580026681673,1112,1646
2023-11-06,4243,10226,2.6552261612742676,3.0962125550517787,1436,662
2023-11-07,3578,13069,2.6418141075042896,1.1967862759135472,822,549
2023-11-08,9751,5782,5.412133460871827,4.205745491152415,1132,401
2023-11-09,4677,10725,2.131066361326271,3.636558562704183,529,805
2023-11-10,4749,12916,1.7132472378731958,3.0205219235420677,1137,1110
2023-11-11,6328,7825,2.2335966412925368,2.2390815394757086,881,1819
2023-11-12,5556,10830,1.6989893377459293,2.3911232081339384,771,1159
2023-11-13,5455,11937,3.0331918894241032,3.0294989718045326,771,1509
2023-11-14,10747,18324,8.58137148874093,1.0527825509844517,881,1935
2023-11-15,4356,10126,3.440148913333414,0.8532944080412443,1114,763
2023-11-16,5927,10664,3.2301421987507877,4.465661304933552,606,916
2023-11-17,5057,12584,2.701584298679238,0.8504554509108084,880,1007
2023-11-18,5268,11625,2.9017313944877596,3.680616182947273,987,1507
2023-11-19,6528,7523,2.070411605360828,4.640171738490737,670,1074
2023-11-20,5507,7758,2.7615408403452415,1.71807621935779,1538,1326
2023-11-21,5538,10786,2.4112990988797547,2.167211466767814,743,1205
2023-11-22,6072,12915,2.464034679553865,3.0601463263012234,799,1765
2023-11-23,4635,6504,3.015553120750316,4.467690363373631,706,780
2023-11-24,4160,11000,2.0638367111945035,4.738575142671891,1539,756
2023-11-25,3955,10947,2.1360792233890398,3.828034616500706,1165,610
2023-11-26,3033,14776,3.3492835822572733,0.8897889238461232,719,652
2023-11-27,7056,11229,1.6124485897019445,3.5111936999068285,1331,1352
2023-11-28,3896,12765,2.4712685968266808,2.3463667484269792,1060,1092
2023-11-29,4778,12282,3.325601600815723,2.618154497709777,1077,1150
2023-11-30,4723,7738,2.720726015636314,0.7211677565532967,896,1143
2023-12-01,5307,13536,2.592814148424264,1.3597796270586118,775,1219
2023-12-02,5815,12430,1.9994883584587104,4.057311233901415,1101,952
2023-12-03,5860,13016,2.1865509781288965,2.542814748715369,836,1270
2023-12-04,4416,19852,3.2040968316093856,1.8574800873401698,1545,1324
2023-12-05,4832,7831,2.6184362635369163,2.2280858328423117,619,1330
2023-12-06,5282,15449,2.52948438751356,4.344797809965561,1460,1500
2023-12-07,4751,11425,1.6991594270800578,3.870495578322306,966,1299
2023-12-08,3303,22633,0.45961689387307386,3.4508385746297447,1089,327
2023-12-09,5490,11908,3.427370377374098,1.02875828095568,1249,1010
2023-12-10,5734,11151,2.2539723345736835,1.6339919973983226,810,862
2023-12-11,5662,10860,2.706426124199009,4.643404029746302,1259,1107
2023-12-12,6173,12659,1.65943014637457,3.1171497703238993,187,1026
2023-12-13,5181,8965,2.866228571446093,2.900660939351523,784,1144
2023-12-14,3703,13501,3.365133417411922,3.183771198616077,722,931
2023-12-15,5399,11167,2.6513305059948395,2.1471271958593188,623,1518
2023-12-16,4348,9739,1.7522306447508211,4.131981591437808,935,1140
2023-12-17,4471,11099,2.6634430549469537,2.854788121851124,1115,1300
2023-12-18,5586,14514,3.0326944262093045,1.0253655624595799,1210,883
2023-12-19,6238,10929,2.3128330731480373,1.0807930617307833,1072,947
2023-12-20,5021,12716,3.2596754958829357,2.9158661592617827,800,1251
2023-12-21,5308,10538,2.797365906714729,4.714565981318776,1110,1026
2023-12-22,6702,13515,3.298497836578405,1.8875845475428943,1037,1260
2023-12-23,5240,13371,2.7470106224946744,4.412935259866482,1280,1046
2023-12-24,7601,15697,1.7625759440096485,3.938430139604957,1233,1447
2023-12-25,5565,11648,2.1193834222103782,1.6151559930810808,1009,1261
2023-12-26,3239,13337,1.9035898965049138,0.663533367423091,730,699
2023-12-27,5753,12196,3.3176529954337246,0.9583126931407223,804,1305
2023-12-28,5381,14591,3.0208001345749653,3.778222702313481,835,1350
2023-12-29,6289,10562,2.852796737820012,1.39851382118291,905,1308
2023-12-30,5673,13490,2.1019326392632434,2.170719142274272,1080,1064
2023-12-31,4861,11610,1.868089544100427,2.757646247028912,1214,850
2024-01-01,3775,11871,3.012902175977824,3.7646067580257325,984,764
